timestamp_ns,tracking_active,track_cx,track_cy,track_vx,track_vy,miss_streak,delegate_mode,model_used
3637308894198,0,0.000000,0.000000,0.000000,0.000000,0,GPU,yolo11n_640_5-class_04-01-2026_saved_model/yolo11n_640_5-class_04-01-2026_float16.tflite
3640142250239,0,0.000000,0.000000,0.000000,0.000000,0,GPU,yolo11n_640_5-class_04-01-2026_saved_model/yolo11n_640_5-class_04-01-2026_float16.tflite
3640275584614,0,0.000000,0.000000,0.000000,0.000000,0,GPU,yolo11n_640_5-class_04-01-2026_saved_model/yolo11n_640_5-class_04-01-2026_float16.tflite
3640375585395,0,0.000000,0.000000,0.000000,0.000000,0,GPU,yolo11n_640_5-class_04-01-2026_saved_model/yolo11n_640_5-class_04-01-2026_float16.tflite
3640475586229,0,0.000000,0.000000,0.000000,0.000000,0,GPU,yolo11n_640_5-class_04-01-2026_saved_model/yolo11n_640_5-class_04-01-2026_float16.tflite
3640575587010,0,0.000000,0.000000,0.000000,0.000000,0,GPU,yolo11n_640_5-class_04-01-2026_saved_model/yolo11n_640_5-class_04-01-2026_float16.tflite
3640675587791,0,0.000000,0.000000,0.000000,0.000000,0,GPU,yolo11n_640_5-class_04-01-2026_saved_model/yolo11n_640_5-class_04-01-2026_float16.tflite
3640808922218,0,0.000000,0.000000,0.000000,0.000000,0,GPU,yolo11n_640_5-class_04-01-2026_saved_model/yolo11n_640_5-class_04-01-2026_float16.tflite
3640875589406,0,0.000000,0.000000,0.000000,0.000000,0,GPU,yolo11n_640_5-class_04-01-2026_saved_model/yolo11n_640_5-class_04-01-2026_float16.tflite
3640975590239,0,0.000000,0.000000,0.000000,0.000000,0,GPU,yolo11n_640_5-class_04-01-2026_saved_model/yolo11n_640_5-class_04-01-2026_float16.tflite
3641075591020,1,0.387695,0.593262,0.000000,0.000000,0,GPU,yolo11n_640_5-class_04-01-2026_saved_model/yolo11n_640_5-class_04-01-2026_float16.tflite
3641175591802,1,0.393066,0.589356,0.004878,-0.003548,0,GPU,yolo11n_640_5-class_04-01-2026_saved_model/yolo11n_640_5-class_04-01-2026_float16.tflite
3641275592635,1,0.397945,0.594720,0.048262,0.052964,0,GPU,yolo11n_640_5-class_04-01-2026_saved_model/yolo11n_640_5-class_04-01-2026_float16.tflite
3641375593416,1,0.404017,0.594874,0.056434,0.019242,0,GPU,yolo11n_640_5-class_04-01-2026_saved_model/yolo11n_640_5-class_04-01-2026_float16.tflite
3641475594198,1,0.411085,0.580626,0.065078,-0.078919,0,GPU,yolo11n_640_5-class_04-01-2026_saved_model/yolo11n_640_5-class_04-01-2026_float16.tflite
3641575595031,1,0.417592,0.572734,0.065078,-0.078919,1,GPU,yolo11n_640_5-class_04-01-2026_saved_model/yolo11n_640_5-class_04-01-2026_float16.tflite
3641675595812,1,0.395548,0.515627,-0.060414,-0.295226,0,GPU,yolo11n_640_5-class_04-01-2026_saved_model/yolo11n_640_5-class_04-01-2026_float16.tflite
3641775596593,1,0.389507,0.486104,-0.060414,-0.295226,1,GPU,yolo11n_640_5-class_04-01-2026_saved_model/yolo11n_640_5-class_04-01-2026_float16.tflite
3641875597427,1,0.388380,0.481206,-0.038670,-0.186281,0,GPU,yolo11n_640_5-class_04-01-2026_saved_model/yolo11n_640_5-class_04-01-2026_float16.tflite
3641975598208,1,0.397036,0.439976,0.037989,-0.324639,0,GPU,yolo11n_640_5-class_04-01-2026_saved_model/yolo11n_640_5-class_04-01-2026_float16.tflite
3642108932635,1,0.426757,0.375422,0.151241,-0.422332,0,GPU,yolo11n_640_5-class_04-01-2026_saved_model/yolo11n_640_5-class_04-01-2026_float16.tflite
3642208933416,1,0.452271,0.339146,0.213279,-0.386760,0,GPU,yolo11n_640_5-class_04-01-2026_saved_model/yolo11n_640_5-class_04-01-2026_float16.tflite
3642308934198,1,0.477407,0.314928,0.236120,-0.300041,0,GPU,yolo11n_640_5-class_04-01-2026_saved_model/yolo11n_640_5-class_04-01-2026_float16.tflite
3642408935031,1,0.500978,0.300721,0.235873,-0.205358,0,GPU,yolo11n_640_5-class_04-01-2026_saved_model/yolo11n_640_5-class_04-01-2026_float16.tflite
3642508935812,1,0.523947,0.300562,0.232168,-0.083243,0,GPU,yolo11n_640_5-class_04-01-2026_saved_model/yolo11n_640_5-class_04-01-2026_float16.tflite
3642575603000,1,0.539997,0.302660,0.237089,-0.017428,0,GPU,yolo11n_640_5-class_04-01-2026_saved_model/yolo11n_640_5-class_04-01-2026_float16.tflite
3642708937427,1,0.572732,0.321849,0.242284,0.082084,0,GPU,yolo11n_640_5-class_04-01-2026_saved_model/yolo11n_640_5-class_04-01-2026_float16.tflite
3642775604614,1,0.588868,0.337835,0.242146,0.172133,0,GPU,yolo11n_640_5-class_04-01-2026_saved_model/yolo11n_640_5-class_04-01-2026_float16.tflite
3642908939041,1,0.622053,0.385508,0.246306,0.286634,0,GPU,yolo11n_640_5-class_04-01-2026_saved_model/yolo11n_640_5-class_04-01-2026_float16.tflite
3642975606229,1,0.614128,0.394325,0.037747,0.198468,0,GPU,yolo11n_640_5-class_04-01-2026_saved_model/yolo11n_640_5-class_04-01-2026_float16.tflite
3643108940604,1,0.576509,0.407484,-0.159809,0.136847,0,GPU,yolo11n_640_5-class_04-01-2026_saved_model/yolo11n_640_5-class_04-01-2026_float16.tflite
3643208941437,1,0.549698,0.427982,-0.224453,0.177520,0,GPU,yolo11n_640_5-class_04-01-2026_saved_model/yolo11n_640_5-class_04-01-2026_float16.tflite
3643275608625,1,0.531943,0.448803,-0.248491,0.254908,0,GPU,yolo11n_640_5-class_04-01-2026_saved_model/yolo11n_640_5-class_04-01-2026_float16.tflite
3643408943000,1,0.498540,0.500152,-0.249743,0.335231,0,GPU,yolo11n_640_5-class_04-01-2026_saved_model/yolo11n_640_5-class_04-01-2026_float16.tflite
3643508943833,1,0.473159,0.550199,-0.252172,0.433841,0,GPU,yolo11n_640_5-class_04-01-2026_saved_model/yolo11n_640_5-class_04-01-2026_float16.tflite
3643608944614,1,0.450120,0.611677,-0.239109,0.542348,0,GPU,yolo11n_640_5-class_04-01-2026_saved_model/yolo11n_640_5-class_04-01-2026_float16.tflite
3643708945395,1,0.428627,0.680169,-0.224615,0.627797,0,GPU,yolo11n_640_5-class_04-01-2026_saved_model/yolo11n_640_5-class_04-01-2026_float16.tflite
3643808946229,1,0.406165,0.742950,-0.224615,0.627797,1,GPU,yolo11n_640_5-class_04-01-2026_saved_model/yolo11n_640_5-class_04-01-2026_float16.tflite
3643875613416,1,0.400017,0.647041,-0.179205,-0.080987,0,GPU,yolo11n_640_5-class_04-01-2026_saved_model/yolo11n_640_5-class_04-01-2026_float16.tflite
3643975614198,1,0.382096,0.638942,-0.179205,-0.080987,1,GPU,yolo11n_640_5-class_04-01-2026_saved_model/yolo11n_640_5-class_04-01-2026_float16.tflite
3644108948625,1,0.358202,0.628144,-0.179205,-0.080987,2,GPU,yolo11n_640_5-class_04-01-2026_saved_model/yolo11n_640_5-class_04-01-2026_float16.tflite
3644175615812,1,0.346255,0.622745,-0.179205,-0.080987,3,GPU,yolo11n_640_5-class_04-01-2026_saved_model/yolo11n_640_5-class_04-01-2026_float16.tflite
3644275616645,1,0.391226,0.464669,-0.004316,-0.498045,0,GPU,yolo11n_640_5-class_04-01-2026_saved_model/yolo11n_640_5-class_04-01-2026_float16.tflite
3644408951020,1,0.390145,0.469970,-0.006868,-0.135587,0,GPU,yolo11n_640_5-class_04-01-2026_saved_model/yolo11n_640_5-class_04-01-2026_float16.tflite
3644508951802,1,0.387754,0.489589,-0.017233,0.066099,0,GPU,yolo11n_640_5-class_04-01-2026_saved_model/yolo11n_640_5-class_04-01-2026_float16.tflite
3644575619041,1,0.386605,0.493996,-0.017233,0.066099,1,GPU,yolo11n_640_5-class_04-01-2026_saved_model/yolo11n_640_5-class_04-01-2026_float16.tflite
3644708953416,1,0.381374,0.557126,-0.029846,0.299706,0,GPU,yolo11n_640_5-class_04-01-2026_saved_model/yolo11n_640_5-class_04-01-2026_float16.tflite
3644775620604,1,0.379848,0.589865,-0.025868,0.409148,0,GPU,yolo11n_640_5-class_04-01-2026_saved_model/yolo11n_640_5-class_04-01-2026_float16.tflite
3644875621437,1,0.377199,0.646922,-0.026245,0.507310,0,GPU,yolo11n_640_5-class_04-01-2026_saved_model/yolo11n_640_5-class_04-01-2026_float16.tflite
3645008955812,1,0.371145,0.694733,-0.037921,0.416685,0,GPU,yolo11n_640_5-class_04-01-2026_saved_model/yolo11n_640_5-class_04-01-2026_float16.tflite
3645108956645,1,0.364835,0.651436,-0.052943,-0.090255,0,GPU,yolo11n_640_5-class_04-01-2026_saved_model/yolo11n_640_5-class_04-01-2026_float16.tflite
3645208957427,1,0.356549,0.610954,-0.070883,-0.278894,0,GPU,yolo11n_640_5-class_04-01-2026_saved_model/yolo11n_640_5-class_04-01-2026_float16.tflite
3645308958208,1,0.349604,0.586313,-0.070022,-0.259424,0,GPU,yolo11n_640_5-class_04-01-2026_saved_model/yolo11n_640_5-class_04-01-2026_float16.tflite
3645408959041,1,0.352206,0.585080,-0.012469,-0.111345,0,GPU,yolo11n_640_5-class_04-01-2026_saved_model/yolo11n_640_5-class_04-01-2026_float16.tflite
3645475626229,1,0.353369,0.594012,0.004695,0.029409,0,GPU,yolo11n_640_5-class_04-01-2026_saved_model/yolo11n_640_5-class_04-01-2026_float16.tflite
3645575627010,1,0.353999,0.609445,0.005666,0.105206,0,GPU,yolo11n_640_5-class_04-01-2026_saved_model/yolo11n_640_5-class_04-01-2026_float16.tflite
3645708961437,1,0.360242,0.620662,0.030734,0.092367,0,GPU,yolo11n_640_5-class_04-01-2026_saved_model/yolo11n_640_5-class_04-01-2026_float16.tflite
3645808962218,1,0.370357,0.611018,0.072746,-0.020276,0,GPU,yolo11n_640_5-class_04-01-2026_saved_model/yolo11n_640_5-class_04-01-2026_float16.tflite
3645908963000,1,0.377632,0.608990,0.072746,-0.020276,1,GPU,yolo11n_640_5-class_04-01-2026_saved_model/yolo11n_640_5-class_04-01-2026_float16.tflite
3646008963833,1,0.363012,0.542151,-0.023477,-0.305111,0,GPU,yolo11n_640_5-class_04-01-2026_saved_model/yolo11n_640_5-class_04-01-2026_float16.tflite
3646075631020,1,0.357693,0.528336,-0.056456,-0.247764,0,GPU,yolo11n_640_5-class_04-01-2026_saved_model/yolo11n_640_5-class_04-01-2026_float16.tflite
3646175631802,1,0.358667,0.505786,-0.016033,-0.234172,0,GPU,yolo11n_640_5-class_04-01-2026_saved_model/yolo11n_640_5-class_04-01-2026_float16.tflite
3646308966229,1,0.363867,0.467667,0.017517,-0.265700,0,GPU,yolo11n_640_5-class_04-01-2026_saved_model/yolo11n_640_5-class_04-01-2026_float16.tflite
3646408967010,1,0.386471,0.410739,0.141941,-0.446841,0,GPU,yolo11n_640_5-class_04-01-2026_saved_model/yolo11n_640_5-class_04-01-2026_float16.tflite
3646475634198,1,0.395934,0.380950,0.141941,-0.446841,1,GPU,yolo11n_640_5-class_04-01-2026_saved_model/yolo11n_640_5-class_04-01-2026_float16.tflite
3646575635031,1,0.426776,0.327752,0.228687,-0.491199,0,GPU,yolo11n_640_5-class_04-01-2026_saved_model/yolo11n_640_5-class_04-01-2026_float16.tflite
3646708969406,1,0.457993,0.281837,0.232022,-0.401162,0,GPU,yolo11n_640_5-class_04-01-2026_saved_model/yolo11n_640_5-class_04-01-2026_float16.tflite
3646775636645,1,0.473848,0.266255,0.235337,-0.305414,0,GPU,yolo11n_640_5-class_04-01-2026_saved_model/yolo11n_640_5-class_04-01-2026_float16.tflite
3646875637427,1,0.496608,0.251428,0.230633,-0.209910,0,GPU,yolo11n_640_5-class_04-01-2026_saved_model/yolo11n_640_5-class_04-01-2026_float16.tflite
3646975638208,1,0.520480,0.246867,0.235476,-0.111462,0,GPU,yolo11n_640_5-class_04-01-2026_saved_model/yolo11n_640_5-class_04-01-2026_float16.tflite
3647075639041,1,0.543948,0.252588,0.235000,-0.010387,0,GPU,yolo11n_640_5-class_04-01-2026_saved_model/yolo11n_640_5-class_04-01-2026_float16.tflite
3647175639823,1,0.568329,0.267512,0.240277,0.085272,0,GPU,yolo11n_640_5-class_04-01-2026_saved_model/yolo11n_640_5-class_04-01-2026_float16.tflite
3647275640604,1,0.591816,0.293345,0.237035,0.188975,0,GPU,yolo11n_640_5-class_04-01-2026_saved_model/yolo11n_640_5-class_04-01-2026_float16.tflite
3647342307843,1,0.606981,0.316599,0.231547,0.280681,0,GPU,yolo11n_640_5-class_04-01-2026_saved_model/yolo11n_640_5-class_04-01-2026_float16.tflite
3647475642218,1,0.639135,0.376996,0.237476,0.386948,0,GPU,yolo11n_640_5-class_04-01-2026_saved_model/yolo11n_640_5-class_04-01-2026_float16.tflite
3647575643000,1,0.662883,0.415691,0.237476,0.386948,1,GPU,yolo11n_640_5-class_04-01-2026_saved_model/yolo11n_640_5-class_04-01-2026_float16.tflite
3647642310239,1,0.678715,0.441488,0.237476,0.386948,2,GPU,yolo11n_640_5-class_04-01-2026_saved_model/yolo11n_640_5-class_04-01-2026_float16.tflite
3647742311020,1,0.702463,0.480183,0.237476,0.386948,3,GPU,yolo11n_640_5-class_04-01-2026_saved_model/yolo11n_640_5-class_04-01-2026_float16.tflite
3647842311802,1,0.726210,0.518879,0.237476,0.386948,4,GPU,yolo11n_640_5-class_04-01-2026_saved_model/yolo11n_640_5-class_04-01-2026_float16.tflite
3647942312635,1,0.749958,0.557574,0.237476,0.386948,5,GPU,yolo11n_640_5-class_04-01-2026_saved_model/yolo11n_640_5-class_04-01-2026_float16.tflite
3648042313416,1,0.643672,0.443497,-0.044911,0.055183,0,GPU,yolo11n_640_5-class_04-01-2026_saved_model/yolo11n_640_5-class_04-01-2026_float16.tflite
3648142314198,1,0.647236,0.467738,0.010352,0.183636,0,GPU,yolo11n_640_5-class_04-01-2026_saved_model/yolo11n_640_5-class_04-01-2026_float16.tflite
3648242315031,1,0.649377,0.504282,0.017160,0.295466,0,GPU,yolo11n_640_5-class_04-01-2026_saved_model/yolo11n_640_5-class_04-01-2026_float16.tflite
3648342315812,1,0.651093,0.533828,0.017160,0.295466,1,GPU,yolo11n_640_5-class_04-01-2026_saved_model/yolo11n_640_5-class_04-01-2026_float16.tflite
3648442316645,1,0.653315,0.609890,0.019384,0.499980,0,GPU,yolo11n_640_5-class_04-01-2026_saved_model/yolo11n_640_5-class_04-01-2026_float16.tflite
3648542317427,1,0.655254,0.659888,0.019384,0.499980,1,GPU,yolo11n_640_5-class_04-01-2026_saved_model/yolo11n_640_5-class_04-01-2026_float16.tflite
3648642318208,1,0.659644,0.717698,0.030232,0.534536,0,GPU,yolo11n_640_5-class_04-01-2026_saved_model/yolo11n_640_5-class_04-01-2026_float16.tflite
3648742319041,1,0.662128,0.665216,0.026928,-0.113946,0,GPU,yolo11n_640_5-class_04-01-2026_saved_model/yolo11n_640_5-class_04-01-2026_float16.tflite
3648808986229,1,0.664963,0.633587,0.035930,-0.321884,0,GPU,yolo11n_640_5-class_04-01-2026_saved_model/yolo11n_640_5-class_04-01-2026_float16.tflite
3648908987010,1,0.667988,0.595887,0.032477,-0.355353,0,GPU,yolo11n_640_5-class_04-01-2026_saved_model/yolo11n_640_5-class_04-01-2026_float16.tflite
3649008987843,1,0.671854,0.570922,0.036180,-0.292028,0,GPU,yolo11n_640_5-class_04-01-2026_saved_model/yolo11n_640_5-class_04-01-2026_float16.tflite
3649108988625,1,0.676715,0.556140,0.043629,-0.205619,0,GPU,yolo11n_640_5-class_04-01-2026_saved_model/yolo11n_640_5-class_04-01-2026_float16.tflite
3649208989406,1,0.680678,0.552159,0.041234,-0.106257,0,GPU,yolo11n_640_5-class_04-01-2026_saved_model/yolo11n_640_5-class_04-01-2026_float16.tflite
3649342323833,1,0.686176,0.537991,0.041234,-0.106257,1,GPU,yolo11n_640_5-class_04-01-2026_saved_model/yolo11n_640_5-class_04-01-2026_float16.tflite
3649408991020,1,0.688925,0.530907,0.041234,-0.106257,2,GPU,yolo11n_640_5-class_04-01-2026_saved_model/yolo11n_640_5-class_04-01-2026_float16.tflite
3649508991802,1,0.693048,0.520282,0.041234,-0.106257,3,GPU,yolo11n_640_5-class_04-01-2026_saved_model/yolo11n_640_5-class_04-01-2026_float16.tflite
3649608992635,1,0.697172,0.509656,0.041234,-0.106257,4,GPU,yolo11n_640_5-class_04-01-2026_saved_model/yolo11n_640_5-class_04-01-2026_float16.tflite
3649708993416,1,0.701295,0.499030,0.041234,-0.106257,5,GPU,yolo11n_640_5-class_04-01-2026_saved_model/yolo11n_640_5-class_04-01-2026_float16.tflite
3649808994198,1,0.329906,0.671721,-0.740235,0.275238,0,GPU,yolo11n_640_5-class_04-01-2026_saved_model/yolo11n_640_5-class_04-01-2026_float16.tflite
3649908995031,1,0.337377,0.645509,-0.174380,-0.097875,0,GPU,yolo11n_640_5-class_04-01-2026_saved_model/yolo11n_640_5-class_04-01-2026_float16.tflite
3650008995812,1,0.348427,0.631960,0.001220,-0.121059,0,GPU,yolo11n_640_5-class_04-01-2026_saved_model/yolo11n_640_5-class_04-01-2026_float16.tflite
3650142330239,1,0.362038,0.630566,0.062919,-0.053394,0,GPU,yolo11n_640_5-class_04-01-2026_saved_model/yolo11n_640_5-class_04-01-2026_float16.tflite
3650208997427,1,0.365985,0.656484,0.060804,0.199159,0,GPU,yolo11n_640_5-class_04-01-2026_saved_model/yolo11n_640_5-class_04-01-2026_float16.tflite
3650308998208,1,0.368527,0.699425,0.039299,0.339072,0,GPU,yolo11n_640_5-class_04-01-2026_saved_model/yolo11n_640_5-class_04-01-2026_float16.tflite
3650442332635,1,0.369231,0.643623,0.018577,-0.122480,0,GPU,yolo11n_640_5-class_04-01-2026_saved_model/yolo11n_640_5-class_04-01-2026_float16.tflite
3650542333416,1,0.370858,0.623802,0.017197,-0.167658,0,GPU,yolo11n_640_5-class_04-01-2026_saved_model/yolo11n_640_5-class_04-01-2026_float16.tflite
3650609000604,1,0.375250,0.619604,0.045148,-0.107551,0,GPU,yolo11n_640_5-class_04-01-2026_saved_model/yolo11n_640_5-class_04-01-2026_float16.tflite
3650709001437,1,0.383422,0.620697,0.067346,-0.035649,0,GPU,yolo11n_640_5-class_04-01-2026_saved_model/yolo11n_640_5-class_04-01-2026_float16.tflite
3650809002218,1,0.394385,0.604916,0.092670,-0.108825,0,GPU,yolo11n_640_5-class_04-01-2026_saved_model/yolo11n_640_5-class_04-01-2026_float16.tflite
3650909003000,1,0.400028,0.568277,0.070958,-0.263156,0,GPU,yolo11n_640_5-class_04-01-2026_saved_model/yolo11n_640_5-class_04-01-2026_float16.tflite
3651009003833,1,0.392830,0.526890,-0.014699,-0.353469,0,GPU,yolo11n_640_5-class_04-01-2026_saved_model/yolo11n_640_5-class_04-01-2026_float16.tflite
3651109004614,1,0.391360,0.491543,-0.014699,-0.353469,1,GPU,yolo11n_640_5-class_04-01-2026_saved_model/yolo11n_640_5-class_04-01-2026_float16.tflite
3651242339041,1,0.389162,0.466396,-0.015599,-0.270534,0,GPU,yolo11n_640_5-class_04-01-2026_saved_model/yolo11n_640_5-class_04-01-2026_float16.tflite
3651342339823,1,0.399015,0.434260,0.053221,-0.301180,0,GPU,yolo11n_640_5-class_04-01-2026_saved_model/yolo11n_640_5-class_04-01-2026_float16.tflite
3651442340604,1,0.420818,0.379748,0.152306,-0.447840,0,GPU,yolo11n_640_5-class_04-01-2026_saved_model/yolo11n_640_5-class_04-01-2026_float16.tflite
3651542341437,1,0.447362,0.333073,0.220138,-0.459177,0,GPU,yolo11n_640_5-class_04-01-2026_saved_model/yolo11n_640_5-class_04-01-2026_float16.tflite
3651675675812,1,0.480395,0.289443,0.236963,-0.378772,0,GPU,yolo11n_640_5-class_04-01-2026_saved_model/yolo11n_640_5-class_04-01-2026_float16.tflite
3651742343000,1,0.496101,0.275518,0.236175,-0.281779,0,GPU,yolo11n_640_5-class_04-01-2026_saved_model/yolo11n_640_5-class_04-01-2026_float16.tflite
3651842343833,1,0.520482,0.263616,0.240816,-0.182888,0,GPU,yolo11n_640_5-class_04-01-2026_saved_model/yolo11n_640_5-class_04-01-2026_float16.tflite
3651975678208,1,0.553210,0.263192,0.243644,-0.073400,0,GPU,yolo11n_640_5-class_04-01-2026_saved_model/yolo11n_640_5-class_04-01-2026_float16.tflite
3652075679041,1,0.577163,0.276139,0.241187,0.047639,0,GPU,yolo11n_640_5-class_04-01-2026_saved_model/yolo11n_640_5-class_04-01-2026_float16.tflite
3652175679823,1,0.599665,0.296812,0.231493,0.143038,0,GPU,yolo11n_640_5-class_04-01-2026_saved_model/yolo11n_640_5-class_04-01-2026_float16.tflite
3652275680604,1,0.621151,0.329914,0.221523,0.255708,0,GPU,yolo11n_640_5-class_04-01-2026_saved_model/yolo11n_640_5-class_04-01-2026_float16.tflite
3652375681437,1,0.645434,0.375289,0.234288,0.374390,0,GPU,yolo11n_640_5-class_04-01-2026_saved_model/yolo11n_640_5-class_04-01-2026_float16.tflite
3652475682218,1,0.657617,0.363996,0.166894,0.082351,0,GPU,yolo11n_640_5-class_04-01-2026_saved_model/yolo11n_640_5-class_04-01-2026_float16.tflite
3652575683000,1,0.668653,0.356739,0.133016,-0.010490,0,GPU,yolo11n_640_5-class_04-01-2026_saved_model/yolo11n_640_5-class_04-01-2026_float16.tflite
3652709017427,1,0.675032,0.362168,0.081118,0.020712,0,GPU,yolo11n_640_5-class_04-01-2026_saved_model/yolo11n_640_5-class_04-01-2026_float16.tflite
3652809018208,1,0.665656,0.369681,-0.023227,0.053182,0,GPU,yolo11n_640_5-class_04-01-2026_saved_model/yolo11n_640_5-class_04-01-2026_float16.tflite
3652909019041,1,0.663333,0.374999,-0.023227,0.053182,1,GPU,yolo11n_640_5-class_04-01-2026_saved_model/yolo11n_640_5-class_04-01-2026_float16.tflite
3652975686229,1,0.661785,0.378545,-0.023227,0.053182,2,GPU,yolo11n_640_5-class_04-01-2026_saved_model/yolo11n_640_5-class_04-01-2026_float16.tflite
3653109020604,1,0.664041,0.438748,-0.004853,0.235503,0,GPU,yolo11n_640_5-class_04-01-2026_saved_model/yolo11n_640_5-class_04-01-2026_float16.tflite
3653209021437,1,0.670659,0.478931,0.039027,0.338246,0,GPU,yolo11n_640_5-class_04-01-2026_saved_model/yolo11n_640_5-class_04-01-2026_float16.tflite
3653309022218,1,0.674562,0.512756,0.039027,0.338246,1,GPU,yolo11n_640_5-class_04-01-2026_saved_model/yolo11n_640_5-class_04-01-2026_float16.tflite
3653442356593,1,0.679765,0.557856,0.039027,0.338246,2,GPU,yolo11n_640_5-class_04-01-2026_saved_model/yolo11n_640_5-class_04-01-2026_float16.tflite
3653542357427,1,0.683668,0.591681,0.039027,0.338246,3,GPU,yolo11n_640_5-class_04-01-2026_saved_model/yolo11n_640_5-class_04-01-2026_float16.tflite
3653609024614,1,0.686270,0.614231,0.039027,0.338246,4,GPU,yolo11n_640_5-class_04-01-2026_saved_model/yolo11n_640_5-class_04-01-2026_float16.tflite
3653742359041,1,0.699210,0.644060,0.056299,0.304155,0,GPU,yolo11n_640_5-class_04-01-2026_saved_model/yolo11n_640_5-class_04-01-2026_float16.tflite
3653842359823,1,0.706020,0.602679,0.064240,-0.178920,0,GPU,yolo11n_640_5-class_04-01-2026_saved_model/yolo11n_640_5-class_04-01-2026_float16.tflite
3653909027010,1,0.710896,0.578044,0.069463,-0.290885,0,GPU,yolo11n_640_5-class_04-01-2026_saved_model/yolo11n_640_5-class_04-01-2026_float16.tflite
3654042361437,1,0.719735,0.547210,0.067500,-0.253978,0,GPU,yolo11n_640_5-class_04-01-2026_saved_model/yolo11n_640_5-class_04-01-2026_float16.tflite
3654142362218,1,0.727503,0.537532,0.073581,-0.160123,0,GPU,yolo11n_640_5-class_04-01-2026_saved_model/yolo11n_640_5-class_04-01-2026_float16.tflite
3654242363000,1,0.734391,0.538475,0.070762,-0.058442,0,GPU,yolo11n_640_5-class_04-01-2026_saved_model/yolo11n_640_5-class_04-01-2026_float16.tflite
3654342363833,1,0.740748,0.551116,0.066447,0.052355,0,GPU,yolo11n_640_5-class_04-01-2026_saved_model/yolo11n_640_5-class_04-01-2026_float16.tflite
3654475698208,1,0.750950,0.589699,0.072582,0.196775,0,GPU,yolo11n_640_5-class_04-01-2026_saved_model/yolo11n_640_5-class_04-01-2026_float16.tflite
3654575699041,1,0.758769,0.632014,0.075931,0.331842,0,GPU,yolo11n_640_5-class_04-01-2026_saved_model/yolo11n_640_5-class_04-01-2026_float16.tflite
3654675699823,1,0.765650,0.683921,0.071657,0.444121,0,GPU,yolo11n_640_5-class_04-01-2026_saved_model/yolo11n_640_5-class_04-01-2026_float16.tflite
3654809034198,1,0.775387,0.728803,0.072493,0.378604,0,GPU,yolo11n_640_5-class_04-01-2026_saved_model/yolo11n_640_5-class_04-01-2026_float16.tflite
3654909035031,1,0.780354,0.685954,0.058874,-0.102980,0,GPU,yolo11n_640_5-class_04-01-2026_saved_model/yolo11n_640_5-class_04-01-2026_float16.tflite
3654975702218,1,0.783732,0.661452,0.054161,-0.254870,0,GPU,yolo11n_640_5-class_04-01-2026_saved_model/yolo11n_640_5-class_04-01-2026_float16.tflite
3655109036645,1,0.792930,0.630795,0.063309,-0.239483,0,GPU,yolo11n_640_5-class_04-01-2026_saved_model/yolo11n_640_5-class_04-01-2026_float16.tflite
3655175703833,1,0.796894,0.621566,0.061110,-0.181788,0,GPU,yolo11n_640_5-class_04-01-2026_saved_model/yolo11n_640_5-class_04-01-2026_float16.tflite
3655275704614,1,0.801326,0.621465,0.050905,-0.071947,0,GPU,yolo11n_640_5-class_04-01-2026_saved_model/yolo11n_640_5-class_04-01-2026_float16.tflite
3655409039041,1,0.809542,0.639104,0.057433,0.052478,0,GPU,yolo11n_640_5-class_04-01-2026_saved_model/yolo11n_640_5-class_04-01-2026_float16.tflite
3655509039823,1,0.815425,0.667164,0.058266,0.188583,0,GPU,yolo11n_640_5-class_04-01-2026_saved_model/yolo11n_640_5-class_04-01-2026_float16.tflite
3655642374198,1,0.818454,0.718231,0.036593,0.307127,0,GPU,yolo11n_640_5-class_04-01-2026_saved_model/yolo11n_640_5-class_04-01-2026_float16.tflite
3655742375031,1,0.822114,0.748944,0.036593,0.307127,1,GPU,yolo11n_640_5-class_04-01-2026_saved_model/yolo11n_640_5-class_04-01-2026_float16.tflite
3655842375812,1,0.825773,0.779657,0.036593,0.307127,2,GPU,yolo11n_640_5-class_04-01-2026_saved_model/yolo11n_640_5-class_04-01-2026_float16.tflite
3655942376645,1,0.829432,0.810370,0.036593,0.307127,3,GPU,yolo11n_640_5-class_04-01-2026_saved_model/yolo11n_640_5-class_04-01-2026_float16.tflite
3656009043833,1,0.831872,0.830845,0.036593,0.307127,4,GPU,yolo11n_640_5-class_04-01-2026_saved_model/yolo11n_640_5-class_04-01-2026_float16.tflite
3656142378208,1,0.836751,0.871796,0.036593,0.307127,5,GPU,yolo11n_640_5-class_04-01-2026_saved_model/yolo11n_640_5-class_04-01-2026_float16.tflite
3656242379041,1,0.840410,0.902509,0.036593,0.307127,6,GPU,yolo11n_640_5-class_04-01-2026_saved_model/yolo11n_640_5-class_04-01-2026_float16.tflite
3656342379823,1,0.844070,0.933222,0.036593,0.307127,7,GPU,yolo11n_640_5-class_04-01-2026_saved_model/yolo11n_640_5-class_04-01-2026_float16.tflite
3656475714198,1,0.848949,0.974172,0.036593,0.307127,8,GPU,yolo11n_640_5-class_04-01-2026_saved_model/yolo11n_640_5-class_04-01-2026_float16.tflite
3656575715031,1,0.852608,1.000000,0.036593,0.307127,9,GPU,yolo11n_640_5-class_04-01-2026_saved_model/yolo11n_640_5-class_04-01-2026_float16.tflite
3656675715812,0,0.000000,0.000000,0.000000,0.000000,0,GPU,yolo11n_640_5-class_04-01-2026_saved_model/yolo11n_640_5-class_04-01-2026_float16.tflite
3656742383000,0,0.000000,0.000000,0.000000,0.000000,0,GPU,yolo11n_640_5-class_04-01-2026_saved_model/yolo11n_640_5-class_04-01-2026_float16.tflite
3656875717427,0,0.000000,0.000000,0.000000,0.000000,0,GPU,yolo11n_640_5-class_04-01-2026_saved_model/yolo11n_640_5-class_04-01-2026_float16.tflite
3656975718208,0,0.000000,0.000000,0.000000,0.000000,0,GPU,yolo11n_640_5-class_04-01-2026_saved_model/yolo11n_640_5-class_04-01-2026_float16.tflite
3657075719041,1,0.790039,0.717285,0.000000,0.000000,0,GPU,yolo11n_640_5-class_04-01-2026_saved_model/yolo11n_640_5-class_04-01-2026_float16.tflite
3657175719823,1,0.784180,0.718750,-0.005321,0.001330,0,GPU,yolo11n_640_5-class_04-01-2026_saved_model/yolo11n_640_5-class_04-01-2026_float16.tflite
3657309054198,1,0.744652,0.745589,-0.293128,0.199008,0,GPU,yolo11n_640_5-class_04-01-2026_saved_model/yolo11n_640_5-class_04-01-2026_float16.tflite
3657409055031,1,0.723866,0.701141,-0.237768,-0.218771,0,GPU,yolo11n_640_5-class_04-01-2026_saved_model/yolo11n_640_5-class_04-01-2026_float16.tflite
3657509055812,1,0.705859,0.674951,-0.202743,-0.244953,0,GPU,yolo11n_640_5-class_04-01-2026_saved_model/yolo11n_640_5-class_04-01-2026_float16.tflite
3657609056593,1,0.685585,0.650455,-0.202743,-0.244953,1,GPU,yolo11n_640_5-class_04-01-2026_saved_model/yolo11n_640_5-class_04-01-2026_float16.tflite
3657742391020,1,0.663054,0.730158,-0.185754,0.179105,0,GPU,yolo11n_640_5-class_04-01-2026_saved_model/yolo11n_640_5-class_04-01-2026_float16.tflite
3657809058208,1,0.650670,0.742098,-0.185754,0.179105,1,GPU,yolo11n_640_5-class_04-01-2026_saved_model/yolo11n_640_5-class_04-01-2026_float16.tflite
3657942392635,1,0.645815,0.638850,-0.099832,-0.369457,0,GPU,yolo11n_640_5-class_04-01-2026_saved_model/yolo11n_640_5-class_04-01-2026_float16.tflite
3658042393416,1,0.633387,0.618555,-0.114462,-0.269829,0,GPU,yolo11n_640_5-class_04-01-2026_saved_model/yolo11n_640_5-class_04-01-2026_float16.tflite
3658142394198,1,0.614515,0.628600,-0.159028,-0.047595,0,GPU,yolo11n_640_5-class_04-01-2026_saved_model/yolo11n_640_5-class_04-01-2026_float16.tflite
3658242395031,1,0.598612,0.623841,-0.159028,-0.047595,1,GPU,yolo11n_640_5-class_04-01-2026_saved_model/yolo11n_640_5-class_04-01-2026_float16.tflite
3658342395812,1,0.565117,0.736135,-0.236329,0.466754,0,GPU,yolo11n_640_5-class_04-01-2026_saved_model/yolo11n_640_5-class_04-01-2026_float16.tflite
3658475730239,1,0.550452,0.665680,-0.157773,-0.152022,0,GPU,yolo11n_640_5-class_04-01-2026_saved_model/yolo11n_640_5-class_04-01-2026_float16.tflite
3658542397427,1,0.543667,0.637114,-0.125651,-0.310587,0,GPU,yolo11n_640_5-class_04-01-2026_saved_model/yolo11n_640_5-class_04-01-2026_float16.tflite
3658675731802,1,0.529731,0.602409,-0.112594,-0.279497,0,GPU,yolo11n_640_5-class_04-01-2026_saved_model/yolo11n_640_5-class_04-01-2026_float16.tflite
3658775732635,1,0.516665,0.606300,-0.123376,-0.089417,0,GPU,yolo11n_640_5-class_04-01-2026_saved_model/yolo11n_640_5-class_04-01-2026_float16.tflite
3658875733416,1,0.498729,0.638231,-0.156949,0.155702,0,GPU,yolo11n_640_5-class_04-01-2026_saved_model/yolo11n_640_5-class_04-01-2026_float16.tflite
3658975734198,1,0.479847,0.690617,-0.176052,0.376358,0,GPU,yolo11n_640_5-class_04-01-2026_saved_model/yolo11n_640_5-class_04-01-2026_float16.tflite
3659042401437,1,0.467796,0.731277,-0.178750,0.510349,0,GPU,yolo11n_640_5-class_04-01-2026_saved_model/yolo11n_640_5-class_04-01-2026_float16.tflite
3659175735812,1,0.443963,0.799324,-0.178750,0.510349,1,GPU,yolo11n_640_5-class_04-01-2026_saved_model/yolo11n_640_5-class_04-01-2026_float16.tflite
3659309070239,1,0.420129,0.867371,-0.178750,0.510349,2,GPU,yolo11n_640_5-class_04-01-2026_saved_model/yolo11n_640_5-class_04-01-2026_float16.tflite
3659409071020,1,0.402254,0.918407,-0.178750,0.510349,3,GPU,yolo11n_640_5-class_04-01-2026_saved_model/yolo11n_640_5-class_04-01-2026_float16.tflite
3659509071802,1,0.384379,0.969442,-0.178750,0.510349,4,GPU,yolo11n_640_5-class_04-01-2026_saved_model/yolo11n_640_5-class_04-01-2026_float16.tflite
3659609072635,1,0.366504,1.000000,-0.178750,0.510349,5,GPU,yolo11n_640_5-class_04-01-2026_saved_model/yolo11n_640_5-class_04-01-2026_float16.tflite
3659709073416,1,0.348629,1.000000,-0.178750,0.510349,6,GPU,yolo11n_640_5-class_04-01-2026_saved_model/yolo11n_640_5-class_04-01-2026_float16.tflite
3659842407843,1,0.358384,0.634008,-0.124684,-0.303416,0,GPU,yolo11n_640_5-class_04-01-2026_saved_model/yolo11n_640_5-class_04-01-2026_float16.tflite
3659942408625,1,0.353324,0.618751,-0.071974,-0.196092,0,GPU,yolo11n_640_5-class_04-01-2026_saved_model/yolo11n_640_5-class_04-01-2026_float16.tflite
3660042409406,1,0.346127,0.599141,-0.071974,-0.196092,1,GPU,yolo11n_640_5-class_04-01-2026_saved_model/yolo11n_640_5-class_04-01-2026_float16.tflite
3660175743833,1,0.336530,0.572995,-0.071974,-0.196092,2,GPU,yolo11n_640_5-class_04-01-2026_saved_model/yolo11n_640_5-class_04-01-2026_float16.tflite
3660242411020,1,0.331732,0.559922,-0.071974,-0.196092,3,GPU,yolo11n_640_5-class_04-01-2026_saved_model/yolo11n_640_5-class_04-01-2026_float16.tflite
3660375745395,1,0.322135,0.533777,-0.071974,-0.196092,4,GPU,yolo11n_640_5-class_04-01-2026_saved_model/yolo11n_640_5-class_04-01-2026_float16.tflite
3660475746229,1,0.375911,0.620003,0.062256,0.036902,0,GPU,yolo11n_640_5-class_04-01-2026_saved_model/yolo11n_640_5-class_04-01-2026_float16.tflite
3660575747010,1,0.383268,0.606454,0.069909,-0.079707,0,GPU,yolo11n_640_5-class_04-01-2026_saved_model/yolo11n_640_5-class_04-01-2026_float16.tflite
3660709081437,1,0.380840,0.560252,0.014941,-0.246143,0,GPU,yolo11n_640_5-class_04-01-2026_saved_model/yolo11n_640_5-class_04-01-2026_float16.tflite
3660775748625,1,0.374565,0.540303,-0.047541,-0.276560,0,GPU,yolo11n_640_5-class_04-01-2026_saved_model/yolo11n_640_5-class_04-01-2026_float16.tflite
3660909083000,1,0.368226,0.503428,-0.047541,-0.276560,1,GPU,yolo11n_640_5-class_04-01-2026_saved_model/yolo11n_640_5-class_04-01-2026_float16.tflite
3661009083833,1,0.363472,0.475772,-0.047541,-0.276560,2,GPU,yolo11n_640_5-class_04-01-2026_saved_model/yolo11n_640_5-class_04-01-2026_float16.tflite
3661109084614,1,0.358718,0.448115,-0.047541,-0.276560,3,GPU,yolo11n_640_5-class_04-01-2026_saved_model/yolo11n_640_5-class_04-01-2026_float16.tflite
3661209085395,1,0.407612,0.383615,0.092344,-0.372628,0,GPU,yolo11n_640_5-class_04-01-2026_saved_model/yolo11n_640_5-class_04-01-2026_float16.tflite
3661309086229,1,0.431449,0.334817,0.189253,-0.449183,0,GPU,yolo11n_640_5-class_04-01-2026_saved_model/yolo11n_640_5-class_04-01-2026_float16.tflite
3661409087010,1,0.454217,0.298775,0.212754,-0.394901,0,GPU,yolo11n_640_5-class_04-01-2026_saved_model/yolo11n_640_5-class_04-01-2026_float16.tflite
3661509087843,1,0.476999,0.272021,0.221805,-0.318355,0,GPU,yolo11n_640_5-class_04-01-2026_saved_model/yolo11n_640_5-class_04-01-2026_float16.tflite
3661609088625,1,0.499737,0.252974,0.225145,-0.241686,0,GPU,yolo11n_640_5-class_04-01-2026_saved_model/yolo11n_640_5-class_04-01-2026_float16.tflite
3661709089406,1,0.522251,0.228806,0.225145,-0.241686,1,GPU,yolo11n_640_5-class_04-01-2026_saved_model/yolo11n_640_5-class_04-01-2026_float16.tflite
3661842423833,1,0.553216,0.252288,0.228711,-0.031510,0,GPU,yolo11n_640_5-class_04-01-2026_saved_model/yolo11n_640_5-class_04-01-2026_float16.tflite
3661942424614,1,0.577113,0.270494,0.234894,0.097268,0,GPU,yolo11n_640_5-class_04-01-2026_saved_model/yolo11n_640_5-class_04-01-2026_float16.tflite
3662042425395,1,0.598699,0.298679,0.223448,0.208245,0,GPU,yolo11n_640_5-class_04-01-2026_saved_model/yolo11n_640_5-class_04-01-2026_float16.tflite
3662142426229,1,0.621092,0.334443,0.223739,0.297817,0,GPU,yolo11n_640_5-class_04-01-2026_saved_model/yolo11n_640_5-class_04-01-2026_float16.tflite
3662242427010,1,0.645911,0.384077,0.238393,0.416791,0,GPU,yolo11n_640_5-class_04-01-2026_saved_model/yolo11n_640_5-class_04-01-2026_float16.tflite
3662342427843,1,0.661422,0.394871,0.188480,0.231703,0,GPU,yolo11n_640_5-class_04-01-2026_saved_model/yolo11n_640_5-class_04-01-2026_float16.tflite
3662475762218,1,0.661632,0.386528,0.074595,0.052396,0,GPU,yolo11n_640_5-class_04-01-2026_saved_model/yolo11n_640_5-class_04-01-2026_float16.tflite
3662575763000,1,0.645368,0.382646,-0.066953,-0.002028,0,GPU,yolo11n_640_5-class_04-01-2026_saved_model/yolo11n_640_5-class_04-01-2026_float16.tflite
3662675763833,1,0.631121,0.387519,-0.112240,0.028412,0,GPU,yolo11n_640_5-class_04-01-2026_saved_model/yolo11n_640_5-class_04-01-2026_float16.tflite
3662775764614,1,0.616335,0.403358,-0.133593,0.106310,0,GPU,yolo11n_640_5-class_04-01-2026_saved_model/yolo11n_640_5-class_04-01-2026_float16.tflite
3662875765395,1,0.601610,0.428689,-0.141775,0.194406,0,GPU,yolo11n_640_5-class_04-01-2026_saved_model/yolo11n_640_5-class_04-01-2026_float16.tflite
3662975766229,1,0.587875,0.463575,-0.139120,0.286966,0,GPU,yolo11n_640_5-class_04-01-2026_saved_model/yolo11n_640_5-class_04-01-2026_float16.tflite
3663075767010,1,0.574210,0.509179,-0.137639,0.388283,0,GPU,yolo11n_640_5-class_04-01-2026_saved_model/yolo11n_640_5-class_04-01-2026_float16.tflite
3663209101437,1,0.555858,0.560950,-0.137639,0.388283,1,GPU,yolo11n_640_5-class_04-01-2026_saved_model/yolo11n_640_5-class_04-01-2026_float16.tflite
3663309102218,1,0.542094,0.599779,-0.137639,0.388283,2,GPU,yolo11n_640_5-class_04-01-2026_saved_model/yolo11n_640_5-class_04-01-2026_float16.tflite
3663409103000,1,0.530753,0.714571,-0.130126,0.623814,0,GPU,yolo11n_640_5-class_04-01-2026_saved_model/yolo11n_640_5-class_04-01-2026_float16.tflite
3663509103833,1,0.517740,0.776952,-0.130126,0.623814,1,GPU,yolo11n_640_5-class_04-01-2026_saved_model/yolo11n_640_5-class_04-01-2026_float16.tflite
3663609104614,1,0.504727,0.839334,-0.130126,0.623814,2,GPU,yolo11n_640_5-class_04-01-2026_saved_model/yolo11n_640_5-class_04-01-2026_float16.tflite
3663709105395,1,0.518940,0.588105,-0.036594,-0.453610,0,GPU,yolo11n_640_5-class_04-01-2026_saved_model/yolo11n_640_5-class_04-01-2026_float16.tflite
3663809106229,1,0.514668,0.559041,-0.040458,-0.350692,0,GPU,yolo11n_640_5-class_04-01-2026_saved_model/yolo11n_640_5-class_04-01-2026_float16.tflite
3663909107010,1,0.513572,0.548010,-0.022585,-0.205000,0,GPU,yolo11n_640_5-class_04-01-2026_saved_model/yolo11n_640_5-class_04-01-2026_float16.tflite
3664009107843,1,0.511313,0.527510,-0.022585,-0.205000,1,GPU,yolo11n_640_5-class_04-01-2026_saved_model/yolo11n_640_5-class_04-01-2026_float16.tflite
3664075775031,1,0.509807,0.513843,-0.022585,-0.205000,2,GPU,yolo11n_640_5-class_04-01-2026_saved_model/yolo11n_640_5-class_04-01-2026_float16.tflite
3664209109406,1,0.363621,0.592342,-0.513983,0.158231,0,GPU,yolo11n_640_5-class_04-01-2026_saved_model/yolo11n_640_5-class_04-01-2026_float16.tflite
3664342443833,1,0.363423,0.586460,-0.192299,0.031223,0,GPU,yolo11n_640_5-class_04-01-2026_saved_model/yolo11n_640_5-class_04-01-2026_float16.tflite
3664442444614,1,0.362166,0.615313,-0.084343,0.185779,0,GPU,yolo11n_640_5-class_04-01-2026_saved_model/yolo11n_640_5-class_04-01-2026_float16.tflite
3664542445395,1,0.353731,0.633891,-0.084343,0.185779,1,GPU,yolo11n_640_5-class_04-01-2026_saved_model/yolo11n_640_5-class_04-01-2026_float16.tflite
3664642446229,1,0.345297,0.652469,-0.084343,0.185779,2,GPU,yolo11n_640_5-class_04-01-2026_saved_model/yolo11n_640_5-class_04-01-2026_float16.tflite
3664742447010,1,0.336863,0.671047,-0.084343,0.185779,3,GPU,yolo11n_640_5-class_04-01-2026_saved_model/yolo11n_640_5-class_04-01-2026_float16.tflite
3664842447843,1,0.328428,0.689625,-0.084343,0.185779,4,GPU,yolo11n_640_5-class_04-01-2026_saved_model/yolo11n_640_5-class_04-01-2026_float16.tflite
3664942448625,1,0.319994,0.708203,-0.084343,0.185779,5,GPU,yolo11n_640_5-class_04-01-2026_saved_model/yolo11n_640_5-class_04-01-2026_float16.tflite
3665075783000,1,0.308748,0.732974,-0.084343,0.185779,6,GPU,yolo11n_640_5-class_04-01-2026_saved_model/yolo11n_640_5-class_04-01-2026_float16.tflite
3665175783833,1,0.300314,0.751552,-0.084343,0.185779,7,GPU,yolo11n_640_5-class_04-01-2026_saved_model/yolo11n_640_5-class_04-01-2026_float16.tflite
3665275784614,1,0.291880,0.770130,-0.084343,0.185779,8,GPU,yolo11n_640_5-class_04-01-2026_saved_model/yolo11n_640_5-class_04-01-2026_float16.tflite
3665375785395,1,0.283445,0.788708,-0.084343,0.185779,9,GPU,yolo11n_640_5-class_04-01-2026_saved_model/yolo11n_640_5-class_04-01-2026_float16.tflite
3665475786229,1,0.364240,0.620643,0.029965,-0.053321,0,GPU,yolo11n_640_5-class_04-01-2026_saved_model/yolo11n_640_5-class_04-01-2026_float16.tflite
3665575787010,1,0.372445,0.598988,0.069449,-0.177053,0,GPU,yolo11n_640_5-class_04-01-2026_saved_model/yolo11n_640_5-class_04-01-2026_float16.tflite
3665675787843,1,0.379390,0.581282,0.069449,-0.177053,1,GPU,yolo11n_640_5-class_04-01-2026_saved_model/yolo11n_640_5-class_04-01-2026_float16.tflite
3665775788625,1,0.363006,0.526704,-0.033911,-0.340418,0,GPU,yolo11n_640_5-class_04-01-2026_saved_model/yolo11n_640_5-class_04-01-2026_float16.tflite
3665875789406,1,0.359615,0.492662,-0.033911,-0.340418,1,GPU,yolo11n_640_5-class_04-01-2026_saved_model/yolo11n_640_5-class_04-01-2026_float16.tflite
3665975790239,1,0.363213,0.472521,-0.002987,-0.278914,0,GPU,yolo11n_640_5-class_04-01-2026_saved_model/yolo11n_640_5-class_04-01-2026_float16.tflite
3666109124614,1,0.385064,0.406328,0.100837,-0.414266,0,GPU,yolo11n_640_5-class_04-01-2026_saved_model/yolo11n_640_5-class_04-01-2026_float16.tflite
3666209125395,1,0.406582,0.354373,0.169376,-0.477374,0,GPU,yolo11n_640_5-class_04-01-2026_saved_model/yolo11n_640_5-class_04-01-2026_float16.tflite
3666309126229,1,0.429717,0.308056,0.206565,-0.468844,0,GPU,yolo11n_640_5-class_04-01-2026_saved_model/yolo11n_640_5-class_04-01-2026_float16.tflite
3666409127010,1,0.452089,0.274678,0.216847,-0.387886,0,GPU,yolo11n_640_5-class_04-01-2026_saved_model/yolo11n_640_5-class_04-01-2026_float16.tflite
3666509127843,1,0.474581,0.251886,0.221686,-0.292017,0,GPU,yolo11n_640_5-class_04-01-2026_saved_model/yolo11n_640_5-class_04-01-2026_float16.tflite
3666609128625,1,0.496116,0.239528,0.217885,-0.191079,0,GPU,yolo11n_640_5-class_04-01-2026_saved_model/yolo11n_640_5-class_04-01-2026_float16.tflite
3666709129406,1,0.516173,0.237800,0.207511,-0.086924,0,GPU,yolo11n_640_5-class_04-01-2026_saved_model/yolo11n_640_5-class_04-01-2026_float16.tflite
3666809130239,1,0.538991,0.245878,0.219893,0.013575,0,GPU,yolo11n_640_5-class_04-01-2026_saved_model/yolo11n_640_5-class_04-01-2026_float16.tflite
3666909131020,1,0.560090,0.264300,0.214555,0.115839,0,GPU,yolo11n_640_5-class_04-01-2026_saved_model/yolo11n_640_5-class_04-01-2026_float16.tflite
3667042465395,1,0.589821,0.306113,0.219692,0.236332,0,GPU,yolo11n_640_5-class_04-01-2026_saved_model/yolo11n_640_5-class_04-01-2026_float16.tflite
3667109132635,1,0.601765,0.334502,0.196552,0.344514,0,GPU,yolo11n_640_5-class_04-01-2026_saved_model/yolo11n_640_5-class_04-01-2026_float16.tflite
3667242467010,1,0.632242,0.401928,0.216327,0.444054,0,GPU,yolo11n_640_5-class_04-01-2026_saved_model/yolo11n_640_5-class_04-01-2026_float16.tflite
3667342467843,1,0.650509,0.463270,0.196239,0.545151,0,GPU,yolo11n_640_5-class_04-01-2026_saved_model/yolo11n_640_5-class_04-01-2026_float16.tflite
3667442468625,1,0.670133,0.517786,0.196239,0.545151,1,GPU,yolo11n_640_5-class_04-01-2026_saved_model/yolo11n_640_5-class_04-01-2026_float16.tflite
3667542469406,1,0.689757,0.572301,0.196239,0.545151,2,GPU,yolo11n_640_5-class_04-01-2026_saved_model/yolo11n_640_5-class_04-01-2026_float16.tflite
3667675803833,1,0.715923,0.644989,0.196239,0.545151,3,GPU,yolo11n_640_5-class_04-01-2026_saved_model/yolo11n_640_5-class_04-01-2026_float16.tflite
3667775804614,1,0.735547,0.699504,0.196239,0.545151,4,GPU,yolo11n_640_5-class_04-01-2026_saved_model/yolo11n_640_5-class_04-01-2026_float16.tflite
3667875805395,1,0.755171,0.754020,0.196239,0.545151,5,GPU,yolo11n_640_5-class_04-01-2026_saved_model/yolo11n_640_5-class_04-01-2026_float16.tflite
3667975806229,1,0.741236,0.572439,0.131255,0.087979,0,GPU,yolo11n_640_5-class_04-01-2026_saved_model/yolo11n_640_5-class_04-01-2026_float16.tflite
3668075807010,1,0.747261,0.535412,0.081623,-0.232360,0,GPU,yolo11n_640_5-class_04-01-2026_saved_model/yolo11n_640_5-class_04-01-2026_float16.tflite
3668175807791,1,0.752536,0.507006,0.063804,-0.264266,0,GPU,yolo11n_640_5-class_04-01-2026_saved_model/yolo11n_640_5-class_04-01-2026_float16.tflite
3668275808625,1,0.757849,0.490385,0.057380,-0.205255,0,GPU,yolo11n_640_5-class_04-01-2026_saved_model/yolo11n_640_5-class_04-01-2026_float16.tflite
3668409143000,1,0.764665,0.485871,0.053563,-0.100760,0,GPU,yolo11n_640_5-class_04-01-2026_saved_model/yolo11n_640_5-class_04-01-2026_float16.tflite
3668509143833,1,0.770021,0.475795,0.053563,-0.100760,1,GPU,yolo11n_640_5-class_04-01-2026_saved_model/yolo11n_640_5-class_04-01-2026_float16.tflite
3668609144614,1,0.775378,0.465719,0.053563,-0.100760,2,GPU,yolo11n_640_5-class_04-01-2026_saved_model/yolo11n_640_5-class_04-01-2026_float16.tflite
3668709145395,1,0.386223,0.631079,-1.304997,0.503382,0,GPU,yolo11n_640_5-class_04-01-2026_saved_model/yolo11n_640_5-class_04-01-2026_float16.tflite
3668809146229,1,0.255722,0.681418,-1.304997,0.503382,1,GPU,yolo11n_640_5-class_04-01-2026_saved_model/yolo11n_640_5-class_04-01-2026_float16.tflite
3668909147010,1,0.125222,0.731756,-1.304997,0.503382,2,GPU,yolo11n_640_5-class_04-01-2026_saved_model/yolo11n_640_5-class_04-01-2026_float16.tflite
3669009147843,1,0.000000,0.782095,-1.304997,0.503382,3,GPU,yolo11n_640_5-class_04-01-2026_saved_model/yolo11n_640_5-class_04-01-2026_float16.tflite
3669109148625,1,0.000000,0.832434,-1.304997,0.503382,4,GPU,yolo11n_640_5-class_04-01-2026_saved_model/yolo11n_640_5-class_04-01-2026_float16.tflite
3669242483000,1,0.000000,0.899552,-1.304997,0.503382,5,GPU,yolo11n_640_5-class_04-01-2026_saved_model/yolo11n_640_5-class_04-01-2026_float16.tflite
3669342483833,1,0.000000,0.949890,-1.304997,0.503382,6,GPU,yolo11n_640_5-class_04-01-2026_saved_model/yolo11n_640_5-class_04-01-2026_float16.tflite
3669442484614,1,0.000000,1.000000,-1.304997,0.503382,7,GPU,yolo11n_640_5-class_04-01-2026_saved_model/yolo11n_640_5-class_04-01-2026_float16.tflite
3669542485395,1,0.000000,1.000000,-1.304997,0.503382,8,GPU,yolo11n_640_5-class_04-01-2026_saved_model/yolo11n_640_5-class_04-01-2026_float16.tflite
3669642486229,1,0.000000,1.000000,-1.304997,0.503382,9,GPU,yolo11n_640_5-class_04-01-2026_saved_model/yolo11n_640_5-class_04-01-2026_float16.tflite
3669742487010,1,0.387525,0.636817,-0.178798,-0.149386,0,GPU,yolo11n_640_5-class_04-01-2026_saved_model/yolo11n_640_5-class_04-01-2026_float16.tflite
3669842487843,1,0.390661,0.625412,-0.018935,-0.122507,0,GPU,yolo11n_640_5-class_04-01-2026_saved_model/yolo11n_640_5-class_04-01-2026_float16.tflite
3669942488625,1,0.397902,0.616590,0.038274,-0.101035,0,GPU,yolo11n_640_5-class_04-01-2026_saved_model/yolo11n_640_5-class_04-01-2026_float16.tflite
3670042489406,1,0.407516,0.597949,0.073170,-0.152517,0,GPU,yolo11n_640_5-class_04-01-2026_saved_model/yolo11n_640_5-class_04-01-2026_float16.tflite
3670142490239,1,0.414833,0.582697,0.073170,-0.152517,1,GPU,yolo11n_640_5-class_04-01-2026_saved_model/yolo11n_640_5-class_04-01-2026_float16.tflite
3670242491020,1,0.394562,0.534508,-0.048067,-0.297260,0,GPU,yolo11n_640_5-class_04-01-2026_saved_model/yolo11n_640_5-class_04-01-2026_float16.tflite
3670342491802,1,0.389756,0.504782,-0.048067,-0.297260,1,GPU,yolo11n_640_5-class_04-01-2026_saved_model/yolo11n_640_5-class_04-01-2026_float16.tflite
3670442492635,1,0.384949,0.475056,-0.048067,-0.297260,2,GPU,yolo11n_640_5-class_04-01-2026_saved_model/yolo11n_640_5-class_04-01-2026_float16.tflite
3670542493416,1,0.380142,0.445330,-0.048067,-0.297260,3,GPU,yolo11n_640_5-class_04-01-2026_saved_model/yolo11n_640_5-class_04-01-2026_float16.tflite
3670642494198,1,0.417877,0.408706,0.071371,-0.316624,0,GPU,yolo11n_640_5-class_04-01-2026_saved_model/yolo11n_640_5-class_04-01-2026_float16.tflite
3670775828625,1,0.447641,0.347982,0.172003,-0.408604,0,GPU,yolo11n_640_5-class_04-01-2026_saved_model/yolo11n_640_5-class_04-01-2026_float16.tflite
3670875829406,1,0.469564,0.313266,0.200632,-0.371358,0,GPU,yolo11n_640_5-class_04-01-2026_saved_model/yolo11n_640_5-class_04-01-2026_float16.tflite
3670942496593,1,0.484505,0.296305,0.214139,-0.304053,0,GPU,yolo11n_640_5-class_04-01-2026_saved_model/yolo11n_640_5-class_04-01-2026_float16.tflite
3671075831020,1,0.513181,0.275497,0.214715,-0.212728,0,GPU,yolo11n_640_5-class_04-01-2026_saved_model/yolo11n_640_5-class_04-01-2026_float16.tflite
3671175831802,1,0.535139,0.271368,0.217617,-0.110408,0,GPU,yolo11n_640_5-class_04-01-2026_saved_model/yolo11n_640_5-class_04-01-2026_float16.tflite
3671275832635,1,0.556649,0.276773,0.216108,-0.011783,0,GPU,yolo11n_640_5-class_04-01-2026_saved_model/yolo11n_640_5-class_04-01-2026_float16.tflite
3671375833416,1,0.579073,0.292386,0.220981,0.088854,0,GPU,yolo11n_640_5-class_04-01-2026_saved_model/yolo11n_640_5-class_04-01-2026_float16.tflite
3671475834198,1,0.598718,0.321325,0.206277,0.209033,0,GPU,yolo11n_640_5-class_04-01-2026_saved_model/yolo11n_640_5-class_04-01-2026_float16.tflite
3671609168625,1,0.627417,0.372818,0.211741,0.316979,0,GPU,yolo11n_640_5-class_04-01-2026_saved_model/yolo11n_640_5-class_04-01-2026_float16.tflite
3671709169406,1,0.648592,0.404516,0.211741,0.316979,1,GPU,yolo11n_640_5-class_04-01-2026_saved_model/yolo11n_640_5-class_04-01-2026_float16.tflite
3671809170239,1,0.669766,0.436214,0.211741,0.316979,2,GPU,yolo11n_640_5-class_04-01-2026_saved_model/yolo11n_640_5-class_04-01-2026_float16.tflite
3671909171020,1,0.690940,0.467912,0.211741,0.316979,3,GPU,yolo11n_640_5-class_04-01-2026_saved_model/yolo11n_640_5-class_04-01-2026_float16.tflite
3672042505395,1,0.719173,0.510177,0.211741,0.316979,4,GPU,yolo11n_640_5-class_04-01-2026_saved_model/yolo11n_640_5-class_04-01-2026_float16.tflite
3672142506229,1,0.711946,0.648319,0.148840,0.552724,0,GPU,yolo11n_640_5-class_04-01-2026_saved_model/yolo11n_640_5-class_04-01-2026_float16.tflite
3672242507010,1,0.726830,0.703591,0.148840,0.552724,1,GPU,yolo11n_640_5-class_04-01-2026_saved_model/yolo11n_640_5-class_04-01-2026_float16.tflite
3672375841437,1,0.729592,0.683654,0.082474,0.188964,0,GPU,yolo11n_640_5-class_04-01-2026_saved_model/yolo11n_640_5-class_04-01-2026_float16.tflite
3672475842218,1,0.726941,0.637987,0.016609,-0.201234,0,GPU,yolo11n_640_5-class_04-01-2026_saved_model/yolo11n_640_5-class_04-01-2026_float16.tflite
3672575843000,1,0.725687,0.599274,-0.000927,-0.313031,0,GPU,yolo11n_640_5-class_04-01-2026_saved_model/yolo11n_640_5-class_04-01-2026_float16.tflite
3672675843833,1,0.721811,0.572122,-0.023610,-0.288143,0,GPU,yolo11n_640_5-class_04-01-2026_saved_model/yolo11n_640_5-class_04-01-2026_float16.tflite
3672775844614,1,0.719245,0.556665,-0.024835,-0.208086,0,GPU,yolo11n_640_5-class_04-01-2026_saved_model/yolo11n_640_5-class_04-01-2026_float16.tflite
3672909179041,1,0.717259,0.553224,-0.018782,-0.097020,0,GPU,yolo11n_640_5-class_04-01-2026_saved_model/yolo11n_640_5-class_04-01-2026_float16.tflite
3673009179823,1,0.407119,0.614676,-1.858107,0.327540,0,GPU,yolo11n_640_5-class_04-01-2026_saved_model/yolo11n_640_5-class_04-01-2026_float16.tflite
3673109180604,1,0.390141,0.615370,-0.845627,0.135274,0,GPU,yolo11n_640_5-class_04-01-2026_saved_model/yolo11n_640_5-class_04-01-2026_float16.tflite
3673209181437,1,0.385885,0.604367,-0.364301,-0.011749,0,GPU,yolo11n_640_5-class_04-01-2026_saved_model/yolo11n_640_5-class_04-01-2026_float16.tflite
3673309182218,1,0.384997,0.606336,-0.151304,0.007094,0,GPU,yolo11n_640_5-class_04-01-2026_saved_model/yolo11n_640_5-class_04-01-2026_float16.tflite
3673442516645,1,0.364823,0.607282,-0.151304,0.007094,1,GPU,yolo11n_640_5-class_04-01-2026_saved_model/yolo11n_640_5-class_04-01-2026_float16.tflite
3673542517427,1,0.349692,0.607991,-0.151304,0.007094,2,GPU,yolo11n_640_5-class_04-01-2026_saved_model/yolo11n_640_5-class_04-01-2026_float16.tflite
3673642518208,1,0.334562,0.608701,-0.151304,0.007094,3,GPU,yolo11n_640_5-class_04-01-2026_saved_model/yolo11n_640_5-class_04-01-2026_float16.tflite
3673742519041,1,0.319431,0.609410,-0.151304,0.007094,4,GPU,yolo11n_640_5-class_04-01-2026_saved_model/yolo11n_640_5-class_04-01-2026_float16.tflite
3673842519823,1,0.304301,0.610120,-0.151304,0.007094,5,GPU,yolo11n_640_5-class_04-01-2026_saved_model/yolo11n_640_5-class_04-01-2026_float16.tflite
3673942520604,1,0.289170,0.610829,-0.151304,0.007094,6,GPU,yolo11n_640_5-class_04-01-2026_saved_model/yolo11n_640_5-class_04-01-2026_float16.tflite
3674042521437,1,0.274040,0.611539,-0.151304,0.007094,7,GPU,yolo11n_640_5-class_04-01-2026_saved_model/yolo11n_640_5-class_04-01-2026_float16.tflite
3674142522218,1,0.361290,0.614257,0.010378,0.010267,0,GPU,yolo11n_640_5-class_04-01-2026_saved_model/yolo11n_640_5-class_04-01-2026_float16.tflite
3674275856593,1,0.362310,0.613313,0.008357,-0.002589,0,GPU,yolo11n_640_5-class_04-01-2026_saved_model/yolo11n_640_5-class_04-01-2026_float16.tflite
3674375857427,1,0.363750,0.612329,0.012090,-0.007069,0,GPU,yolo11n_640_5-class_04-01-2026_saved_model/yolo11n_640_5-class_04-01-2026_float16.tflite
3674475858208,1,0.368058,0.608033,0.030768,-0.028696,0,GPU,yolo11n_640_5-class_04-01-2026_saved_model/yolo11n_640_5-class_04-01-2026_float16.tflite
3674575859041,1,0.373927,0.594132,0.047515,-0.094858,0,GPU,yolo11n_640_5-class_04-01-2026_saved_model/yolo11n_640_5-class_04-01-2026_float16.tflite
3674675859823,1,0.378678,0.584646,0.047515,-0.094858,1,GPU,yolo11n_640_5-class_04-01-2026_saved_model/yolo11n_640_5-class_04-01-2026_float16.tflite
3674775860604,1,0.364931,0.534585,-0.033769,-0.273146,0,GPU,yolo11n_640_5-class_04-01-2026_saved_model/yolo11n_640_5-class_04-01-2026_float16.tflite
3674909195031,1,0.359395,0.511938,-0.038587,-0.208921,0,GPU,yolo11n_640_5-class_04-01-2026_saved_model/yolo11n_640_5-class_04-01-2026_float16.tflite
3675009195812,1,0.363019,0.487903,0.006261,-0.227756,0,GPU,yolo11n_640_5-class_04-01-2026_saved_model/yolo11n_640_5-class_04-01-2026_float16.tflite
3675109196645,1,0.363645,0.465127,0.006261,-0.227756,1,GPU,yolo11n_640_5-class_04-01-2026_saved_model/yolo11n_640_5-class_04-01-2026_float16.tflite
3675175863833,1,0.394573,0.403031,0.163298,-0.469218,0,GPU,yolo11n_640_5-class_04-01-2026_saved_model/yolo11n_640_5-class_04-01-2026_float16.tflite
3675309198208,1,0.428725,0.340574,0.222552,-0.468708,0,GPU,yolo11n_640_5-class_04-01-2026_saved_model/yolo11n_640_5-class_04-01-2026_float16.tflite
3675409199041,1,0.452581,0.306206,0.232183,-0.393491,0,GPU,yolo11n_640_5-class_04-01-2026_saved_model/yolo11n_640_5-class_04-01-2026_float16.tflite
3675509199823,1,0.476773,0.282656,0.238028,-0.298627,0,GPU,yolo11n_640_5-class_04-01-2026_saved_model/yolo11n_640_5-class_04-01-2026_float16.tflite
3675609200604,1,0.500963,0.269914,0.240349,-0.195999,0,GPU,yolo11n_640_5-class_04-01-2026_saved_model/yolo11n_640_5-class_04-01-2026_float16.tflite
3675742535031,1,0.533199,0.265675,0.241214,-0.095941,0,GPU,yolo11n_640_5-class_04-01-2026_saved_model/yolo11n_640_5-class_04-01-2026_float16.tflite
3675842535812,1,0.557607,0.274732,0.242922,0.015349,0,GPU,yolo11n_640_5-class_04-01-2026_saved_model/yolo11n_640_5-class_04-01-2026_float16.tflite
3675942536593,1,0.582971,0.292409,0.249346,0.112149,0,GPU,yolo11n_640_5-class_04-01-2026_saved_model/yolo11n_640_5-class_04-01-2026_float16.tflite
3676042537427,1,0.607438,0.322112,0.246545,0.222959,0,GPU,yolo11n_640_5-class_04-01-2026_saved_model/yolo11n_640_5-class_04-01-2026_float16.tflite
3676142538208,1,0.632788,0.362648,0.250713,0.332266,0,GPU,yolo11n_640_5-class_04-01-2026_saved_model/yolo11n_640_5-class_04-01-2026_float16.tflite
3676242539041,1,0.654416,0.391745,0.230077,0.307515,0,GPU,yolo11n_640_5-class_04-01-2026_saved_model/yolo11n_640_5-class_04-01-2026_float16.tflite
3676342539823,1,0.666398,0.387919,0.164002,0.100301,0,GPU,yolo11n_640_5-class_04-01-2026_saved_model/yolo11n_640_5-class_04-01-2026_float16.tflite
3676442540604,1,0.670354,0.368455,0.089424,-0.076446,0,GPU,yolo11n_640_5-class_04-01-2026_saved_model/yolo11n_640_5-class_04-01-2026_float16.tflite
3676542541437,1,0.662686,0.356592,-0.010117,-0.101728,0,GPU,yolo11n_640_5-class_04-01-2026_saved_model/yolo11n_640_5-class_04-01-2026_float16.tflite
3676675875812,1,0.652520,0.358097,-0.050408,-0.032866,0,GPU,yolo11n_640_5-class_04-01-2026_saved_model/yolo11n_640_5-class_04-01-2026_float16.tflite
3676775876593,1,0.646518,0.365822,-0.056142,0.032841,0,GPU,yolo11n_640_5-class_04-01-2026_saved_model/yolo11n_640_5-class_04-01-2026_float16.tflite
3676875877427,1,0.640162,0.387072,-0.060590,0.140580,0,GPU,yolo11n_640_5-class_04-01-2026_saved_model/yolo11n_640_5-class_04-01-2026_float16.tflite
3676975878208,1,0.634103,0.401130,-0.060590,0.140580,1,GPU,yolo11n_640_5-class_04-01-2026_saved_model/yolo11n_640_5-class_04-01-2026_float16.tflite
3677075879041,1,0.628044,0.415188,-0.060590,0.140580,2,GPU,yolo11n_640_5-class_04-01-2026_saved_model/yolo11n_640_5-class_04-01-2026_float16.tflite
3677175879823,1,0.621985,0.429247,-0.060590,0.140580,3,GPU,yolo11n_640_5-class_04-01-2026_saved_model/yolo11n_640_5-class_04-01-2026_float16.tflite
3677275880604,1,0.615926,0.443305,-0.060590,0.140580,4,GPU,yolo11n_640_5-class_04-01-2026_saved_model/yolo11n_640_5-class_04-01-2026_float16.tflite
3677375881437,1,0.609867,0.457363,-0.060590,0.140580,5,GPU,yolo11n_640_5-class_04-01-2026_saved_model/yolo11n_640_5-class_04-01-2026_float16.tflite
3677509215812,1,0.601789,0.476107,-0.060590,0.140580,6,GPU,yolo11n_640_5-class_04-01-2026_saved_model/yolo11n_640_5-class_04-01-2026_float16.tflite
3677609216593,1,0.595730,0.490165,-0.060590,0.140580,7,GPU,yolo11n_640_5-class_04-01-2026_saved_model/yolo11n_640_5-class_04-01-2026_float16.tflite
3677709217427,1,0.589671,0.504223,-0.060590,0.140580,8,GPU,yolo11n_640_5-class_04-01-2026_saved_model/yolo11n_640_5-class_04-01-2026_float16.tflite
3677809218208,1,0.583612,0.518281,-0.060590,0.140580,9,GPU,yolo11n_640_5-class_04-01-2026_saved_model/yolo11n_640_5-class_04-01-2026_float16.tflite
3677909219041,1,0.597652,0.542967,-0.034832,0.154199,0,GPU,yolo11n_640_5-class_04-01-2026_saved_model/yolo11n_640_5-class_04-01-2026_float16.tflite
3678009219823,1,0.598060,0.529916,-0.005339,-0.061604,0,GPU,yolo11n_640_5-class_04-01-2026_saved_model/yolo11n_640_5-class_04-01-2026_float16.tflite
3678109220604,1,0.598599,0.522501,0.001375,-0.069457,0,GPU,yolo11n_640_5-class_04-01-2026_saved_model/yolo11n_640_5-class_04-01-2026_float16.tflite
3678209221437,1,0.597220,0.530730,-0.007767,0.022040,0,GPU,yolo11n_640_5-class_04-01-2026_saved_model/yolo11n_640_5-class_04-01-2026_float16.tflite
3678309222218,1,0.597144,0.546408,-0.003566,0.102855,0,GPU,yolo11n_640_5-class_04-01-2026_saved_model/yolo11n_640_5-class_04-01-2026_float16.tflite
3678409223000,1,0.596787,0.556694,-0.003566,0.102855,1,GPU,yolo11n_640_5-class_04-01-2026_saved_model/yolo11n_640_5-class_04-01-2026_float16.tflite
3678509223833,1,0.596430,0.566979,-0.003566,0.102855,2,GPU,yolo11n_640_5-class_04-01-2026_saved_model/yolo11n_640_5-class_04-01-2026_float16.tflite
3678575891020,1,0.596193,0.573836,-0.003566,0.102855,3,GPU,yolo11n_640_5-class_04-01-2026_saved_model/yolo11n_640_5-class_04-01-2026_float16.tflite
3678675891802,1,0.595836,0.584122,-0.003566,0.102855,4,GPU,yolo11n_640_5-class_04-01-2026_saved_model/yolo11n_640_5-class_04-01-2026_float16.tflite
3678775892635,1,0.595480,0.594408,-0.003566,0.102855,5,GPU,yolo11n_640_5-class_04-01-2026_saved_model/yolo11n_640_5-class_04-01-2026_float16.tflite
3678875893416,1,0.595123,0.604693,-0.003566,0.102855,6,GPU,yolo11n_640_5-class_04-01-2026_saved_model/yolo11n_640_5-class_04-01-2026_float16.tflite
3678975894198,1,0.594766,0.614979,-0.003566,0.102855,7,GPU,yolo11n_640_5-class_04-01-2026_saved_model/yolo11n_640_5-class_04-01-2026_float16.tflite
3679075895031,1,0.594410,0.625264,-0.003566,0.102855,8,GPU,yolo11n_640_5-class_04-01-2026_saved_model/yolo11n_640_5-class_04-01-2026_float16.tflite
3679175895812,1,0.594053,0.635550,-0.003566,0.102855,9,GPU,yolo11n_640_5-class_04-01-2026_saved_model/yolo11n_640_5-class_04-01-2026_float16.tflite
3679309230239,0,0.000000,0.000000,0.000000,0.000000,0,GPU,yolo11n_640_5-class_04-01-2026_saved_model/yolo11n_640_5-class_04-01-2026_float16.tflite
3679409231020,0,0.000000,0.000000,0.000000,0.000000,0,GPU,yolo11n_640_5-class_04-01-2026_saved_model/yolo11n_640_5-class_04-01-2026_float16.tflite
3679509231802,0,0.000000,0.000000,0.000000,0.000000,0,GPU,yolo11n_640_5-class_04-01-2026_saved_model/yolo11n_640_5-class_04-01-2026_float16.tflite
3679642566229,0,0.000000,0.000000,0.000000,0.000000,0,GPU,yolo11n_640_5-class_04-01-2026_saved_model/yolo11n_640_5-class_04-01-2026_float16.tflite
3679709233416,0,0.000000,0.000000,0.000000,0.000000,0,GPU,yolo11n_640_5-class_04-01-2026_saved_model/yolo11n_640_5-class_04-01-2026_float16.tflite
3679809234198,0,0.000000,0.000000,0.000000,0.000000,0,GPU,yolo11n_640_5-class_04-01-2026_saved_model/yolo11n_640_5-class_04-01-2026_float16.tflite
3679942568625,0,0.000000,0.000000,0.000000,0.000000,0,GPU,yolo11n_640_5-class_04-01-2026_saved_model/yolo11n_640_5-class_04-01-2026_float16.tflite
3680009235812,1,0.572266,0.561523,0.000000,0.000000,0,GPU,yolo11n_640_5-class_04-01-2026_saved_model/yolo11n_640_5-class_04-01-2026_float16.tflite
3680109236593,1,0.572266,0.561523,0.000000,0.000000,1,GPU,yolo11n_640_5-class_04-01-2026_saved_model/yolo11n_640_5-class_04-01-2026_float16.tflite
3680209237427,1,0.550783,0.542482,-0.030777,-0.027280,0,GPU,yolo11n_640_5-class_04-01-2026_saved_model/yolo11n_640_5-class_04-01-2026_float16.tflite
3680309238208,1,0.536148,0.544427,-0.144611,0.018754,0,GPU,yolo11n_640_5-class_04-01-2026_saved_model/yolo11n_640_5-class_04-01-2026_float16.tflite
3680409239041,1,0.526236,0.552555,-0.114798,0.059726,0,GPU,yolo11n_640_5-class_04-01-2026_saved_model/yolo11n_640_5-class_04-01-2026_float16.tflite
3680542573416,1,0.515535,0.556715,-0.093486,0.042125,0,GPU,yolo11n_640_5-class_04-01-2026_saved_model/yolo11n_640_5-class_04-01-2026_float16.tflite
3680642574198,1,0.510116,0.555843,-0.070000,0.011735,0,GPU,yolo11n_640_5-class_04-01-2026_saved_model/yolo11n_640_5-class_04-01-2026_float16.tflite
3680742575031,1,0.504824,0.558541,-0.059755,0.020879,0,GPU,yolo11n_640_5-class_04-01-2026_saved_model/yolo11n_640_5-class_04-01-2026_float16.tflite
3680842575812,1,0.498074,0.570932,-0.064396,0.082631,0,GPU,yolo11n_640_5-class_04-01-2026_saved_model/yolo11n_640_5-class_04-01-2026_float16.tflite
3680942576645,1,0.491634,0.579195,-0.064396,0.082631,1,GPU,yolo11n_640_5-class_04-01-2026_saved_model/yolo11n_640_5-class_04-01-2026_float16.tflite
3681042577427,1,0.480516,0.660404,-0.084955,0.403149,0,GPU,yolo11n_640_5-class_04-01-2026_saved_model/yolo11n_640_5-class_04-01-2026_float16.tflite
3681142578208,1,0.476413,0.632211,-0.058080,-0.015929,0,GPU,yolo11n_640_5-class_04-01-2026_saved_model/yolo11n_640_5-class_04-01-2026_float16.tflite
3681275912635,1,0.471621,0.586318,-0.044522,-0.216957,0,GPU,yolo11n_640_5-class_04-01-2026_saved_model/yolo11n_640_5-class_04-01-2026_float16.tflite
3681375913416,1,0.466810,0.568232,-0.046668,-0.195399,0,GPU,yolo11n_640_5-class_04-01-2026_saved_model/yolo11n_640_5-class_04-01-2026_float16.tflite
3681475914198,1,0.462143,0.548692,-0.046668,-0.195399,1,GPU,yolo11n_640_5-class_04-01-2026_saved_model/yolo11n_640_5-class_04-01-2026_float16.tflite
3681609248625,1,0.459448,0.564157,-0.033357,-0.038724,0,GPU,yolo11n_640_5-class_04-01-2026_saved_model/yolo11n_640_5-class_04-01-2026_float16.tflite
3681709249406,1,0.456528,0.588846,-0.030845,0.133495,0,GPU,yolo11n_640_5-class_04-01-2026_saved_model/yolo11n_640_5-class_04-01-2026_float16.tflite
3681809250239,1,0.453444,0.602196,-0.030845,0.133495,1,GPU,yolo11n_640_5-class_04-01-2026_saved_model/yolo11n_640_5-class_04-01-2026_float16.tflite
3681909251020,1,0.450359,0.615545,-0.030845,0.133495,2,GPU,yolo11n_640_5-class_04-01-2026_saved_model/yolo11n_640_5-class_04-01-2026_float16.tflite
3682042585395,1,0.426335,0.600207,-0.092421,0.031016,0,GPU,yolo11n_640_5-class_04-01-2026_saved_model/yolo11n_640_5-class_04-01-2026_float16.tflite
3682142586229,1,0.420774,0.581308,-0.069637,-0.105164,0,GPU,yolo11n_640_5-class_04-01-2026_saved_model/yolo11n_640_5-class_04-01-2026_float16.tflite
3682242587010,1,0.419248,0.587325,-0.036785,-0.005264,0,GPU,yolo11n_640_5-class_04-01-2026_saved_model/yolo11n_640_5-class_04-01-2026_float16.tflite
3682342587843,1,0.415569,0.586798,-0.036785,-0.005264,1,GPU,yolo11n_640_5-class_04-01-2026_saved_model/yolo11n_640_5-class_04-01-2026_float16.tflite
3682442588625,1,0.411890,0.586272,-0.036785,-0.005264,2,GPU,yolo11n_640_5-class_04-01-2026_saved_model/yolo11n_640_5-class_04-01-2026_float16.tflite
3682542589406,1,0.408212,0.585746,-0.036785,-0.005264,3,GPU,yolo11n_640_5-class_04-01-2026_saved_model/yolo11n_640_5-class_04-01-2026_float16.tflite
3682675923833,1,0.403307,0.585044,-0.036785,-0.005264,4,GPU,yolo11n_640_5-class_04-01-2026_saved_model/yolo11n_640_5-class_04-01-2026_float16.tflite
3682775924614,1,0.399629,0.584517,-0.036785,-0.005264,5,GPU,yolo11n_640_5-class_04-01-2026_saved_model/yolo11n_640_5-class_04-01-2026_float16.tflite
3682875925395,1,0.395950,0.583991,-0.036785,-0.005264,6,GPU,yolo11n_640_5-class_04-01-2026_saved_model/yolo11n_640_5-class_04-01-2026_float16.tflite
3683009259823,1,0.391045,0.583289,-0.036785,-0.005264,7,GPU,yolo11n_640_5-class_04-01-2026_saved_model/yolo11n_640_5-class_04-01-2026_float16.tflite
3683109260604,1,0.387367,0.582763,-0.036785,-0.005264,8,GPU,yolo11n_640_5-class_04-01-2026_saved_model/yolo11n_640_5-class_04-01-2026_float16.tflite
3683209261437,1,0.383688,0.582236,-0.036785,-0.005264,9,GPU,yolo11n_640_5-class_04-01-2026_saved_model/yolo11n_640_5-class_04-01-2026_float16.tflite
3683342595812,1,0.400387,0.613276,-0.010817,0.032891,0,GPU,yolo11n_640_5-class_04-01-2026_saved_model/yolo11n_640_5-class_04-01-2026_float16.tflite
3683442596593,1,0.400606,0.598549,-0.001064,-0.102227,0,GPU,yolo11n_640_5-class_04-01-2026_saved_model/yolo11n_640_5-class_04-01-2026_float16.tflite
3683542597427,1,0.401340,0.598313,0.004191,-0.039832,0,GPU,yolo11n_640_5-class_04-01-2026_saved_model/yolo11n_640_5-class_04-01-2026_float16.tflite
3683642598208,1,0.401852,0.640033,0.004751,0.235680,0,GPU,yolo11n_640_5-class_04-01-2026_saved_model/yolo11n_640_5-class_04-01-2026_float16.tflite
3683742599041,1,0.402327,0.663602,0.004751,0.235680,1,GPU,yolo11n_640_5-class_04-01-2026_saved_model/yolo11n_640_5-class_04-01-2026_float16.tflite
3683875933416,1,0.402961,0.695026,0.004751,0.235680,2,GPU,yolo11n_640_5-class_04-01-2026_saved_model/yolo11n_640_5-class_04-01-2026_float16.tflite
3683975934198,1,0.394562,0.601961,-0.022416,-0.121360,0,GPU,yolo11n_640_5-class_04-01-2026_saved_model/yolo11n_640_5-class_04-01-2026_float16.tflite
3684075935031,1,0.398246,0.597884,0.015224,-0.070169,0,GPU,yolo11n_640_5-class_04-01-2026_saved_model/yolo11n_640_5-class_04-01-2026_float16.tflite
3684175935812,1,0.401787,0.595072,0.027472,-0.044653,0,GPU,yolo11n_640_5-class_04-01-2026_saved_model/yolo11n_640_5-class_04-01-2026_float16.tflite
3684275936593,1,0.411148,0.587981,0.067180,-0.060415,0,GPU,yolo11n_640_5-class_04-01-2026_saved_model/yolo11n_640_5-class_04-01-2026_float16.tflite
3684375937427,1,0.419617,0.571174,0.077674,-0.124945,0,GPU,yolo11n_640_5-class_04-01-2026_saved_model/yolo11n_640_5-class_04-01-2026_float16.tflite
3684475938208,1,0.427384,0.558680,0.077674,-0.124945,1,GPU,yolo11n_640_5-class_04-01-2026_saved_model/yolo11n_640_5-class_04-01-2026_float16.tflite
3684609272635,1,0.437741,0.542020,0.077674,-0.124945,2,GPU,yolo11n_640_5-class_04-01-2026_saved_model/yolo11n_640_5-class_04-01-2026_float16.tflite
3684709273416,1,0.445509,0.529526,0.077674,-0.124945,3,GPU,yolo11n_640_5-class_04-01-2026_saved_model/yolo11n_640_5-class_04-01-2026_float16.tflite
3684809274198,1,0.453276,0.517031,0.077674,-0.124945,4,GPU,yolo11n_640_5-class_04-01-2026_saved_model/yolo11n_640_5-class_04-01-2026_float16.tflite
3684909275031,1,0.461044,0.504536,0.077674,-0.124945,5,GPU,yolo11n_640_5-class_04-01-2026_saved_model/yolo11n_640_5-class_04-01-2026_float16.tflite
3685009275812,1,0.468811,0.492042,0.077674,-0.124945,6,GPU,yolo11n_640_5-class_04-01-2026_saved_model/yolo11n_640_5-class_04-01-2026_float16.tflite
3685142610239,1,0.481688,0.302326,0.081865,-0.412685,0,GPU,yolo11n_640_5-class_04-01-2026_saved_model/yolo11n_640_5-class_04-01-2026_float16.tflite
3685242611020,1,0.504497,0.275022,0.184985,-0.314197,0,GPU,yolo11n_640_5-class_04-01-2026_saved_model/yolo11n_640_5-class_04-01-2026_float16.tflite
3685342611802,1,0.526260,0.254762,0.205168,-0.245211,0,GPU,yolo11n_640_5-class_04-01-2026_saved_model/yolo11n_640_5-class_04-01-2026_float16.tflite
3685442612635,1,0.549704,0.245094,0.222784,-0.155802,0,GPU,yolo11n_640_5-class_04-01-2026_saved_model/yolo11n_640_5-class_04-01-2026_float16.tflite
3685575947010,1,0.578629,0.248300,0.219218,-0.046156,0,GPU,yolo11n_640_5-class_04-01-2026_saved_model/yolo11n_640_5-class_04-01-2026_float16.tflite
3685675947843,1,0.601528,0.261812,0.225049,0.062014,0,GPU,yolo11n_640_5-class_04-01-2026_saved_model/yolo11n_640_5-class_04-01-2026_float16.tflite
3685775948625,1,0.621664,0.285997,0.210842,0.169866,0,GPU,yolo11n_640_5-class_04-01-2026_saved_model/yolo11n_640_5-class_04-01-2026_float16.tflite
3685875949406,1,0.644943,0.318316,0.223997,0.261756,0,GPU,yolo11n_640_5-class_04-01-2026_saved_model/yolo11n_640_5-class_04-01-2026_float16.tflite
3685975950239,1,0.668892,0.362651,0.233276,0.370582,0,GPU,yolo11n_640_5-class_04-01-2026_saved_model/yolo11n_640_5-class_04-01-2026_float16.tflite
3686075951020,1,0.674445,0.384323,0.126760,0.278376,0,GPU,yolo11n_640_5-class_04-01-2026_saved_model/yolo11n_640_5-class_04-01-2026_float16.tflite
3686175951802,1,0.663892,0.365393,-0.012444,-0.001891,0,GPU,yolo11n_640_5-class_04-01-2026_saved_model/yolo11n_640_5-class_04-01-2026_float16.tflite
3686275952635,1,0.654577,0.350132,-0.060809,-0.092208,0,GPU,yolo11n_640_5-class_04-01-2026_saved_model/yolo11n_640_5-class_04-01-2026_float16.tflite
3686375953416,1,0.645608,0.345071,-0.078116,-0.067285,0,GPU,yolo11n_640_5-class_04-01-2026_saved_model/yolo11n_640_5-class_04-01-2026_float16.tflite
3686509287843,1,0.631902,0.357961,-0.093154,0.032619,0,GPU,yolo11n_640_5-class_04-01-2026_saved_model/yolo11n_640_5-class_04-01-2026_float16.tflite
3686609288625,1,0.621145,0.379247,-0.101756,0.140164,0,GPU,yolo11n_640_5-class_04-01-2026_saved_model/yolo11n_640_5-class_04-01-2026_float16.tflite
3686675955812,1,0.616084,0.398673,-0.086913,0.226995,0,GPU,yolo11n_640_5-class_04-01-2026_saved_model/yolo11n_640_5-class_04-01-2026_float16.tflite
3686775956645,1,0.606004,0.441702,-0.095345,0.350368,0,GPU,yolo11n_640_5-class_04-01-2026_saved_model/yolo11n_640_5-class_04-01-2026_float16.tflite
3686875957427,1,0.595729,0.497332,-0.099779,0.473728,0,GPU,yolo11n_640_5-class_04-01-2026_saved_model/yolo11n_640_5-class_04-01-2026_float16.tflite
3686975958208,1,0.585751,0.544705,-0.099779,0.473728,1,GPU,yolo11n_640_5-class_04-01-2026_saved_model/yolo11n_640_5-class_04-01-2026_float16.tflite
3687075959041,1,0.575773,0.592079,-0.099779,0.473728,2,GPU,yolo11n_640_5-class_04-01-2026_saved_model/yolo11n_640_5-class_04-01-2026_float16.tflite
3687209293416,1,0.560553,0.699559,-0.105705,0.610807,0,GPU,yolo11n_640_5-class_04-01-2026_saved_model/yolo11n_640_5-class_04-01-2026_float16.tflite
3687309294198,1,0.548393,0.636036,-0.115542,-0.160455,0,GPU,yolo11n_640_5-class_04-01-2026_saved_model/yolo11n_640_5-class_04-01-2026_float16.tflite
3687409295031,1,0.535684,0.578094,-0.122521,-0.413604,0,GPU,yolo11n_640_5-class_04-01-2026_saved_model/yolo11n_640_5-class_04-01-2026_float16.tflite
3687509295812,1,0.522493,0.533321,-0.128152,-0.434074,0,GPU,yolo11n_640_5-class_04-01-2026_saved_model/yolo11n_640_5-class_04-01-2026_float16.tflite
3687609296645,1,0.508819,0.500134,-0.133302,-0.372818,0,GPU,yolo11n_640_5-class_04-01-2026_saved_model/yolo11n_640_5-class_04-01-2026_float16.tflite
3687742631020,1,0.491208,0.477486,-0.132559,-0.249150,0,GPU,yolo11n_640_5-class_04-01-2026_saved_model/yolo11n_640_5-class_04-01-2026_float16.tflite
3687842631802,1,0.476374,0.475745,-0.141972,-0.110874,0,GPU,yolo11n_640_5-class_04-01-2026_saved_model/yolo11n_640_5-class_04-01-2026_float16.tflite
3687942632635,1,0.461451,0.487489,-0.146325,0.026048,0,GPU,yolo11n_640_5-class_04-01-2026_saved_model/yolo11n_640_5-class_04-01-2026_float16.tflite
3688042633416,1,0.444891,0.515241,-0.157876,0.176764,0,GPU,yolo11n_640_5-class_04-01-2026_saved_model/yolo11n_640_5-class_04-01-2026_float16.tflite
3688175967843,1,0.428137,0.577832,-0.138244,0.355094,0,GPU,yolo11n_640_5-class_04-01-2026_saved_model/yolo11n_640_5-class_04-01-2026_float16.tflite
3688275968625,1,0.434351,0.679784,-0.018675,0.751540,0,GPU,yolo11n_640_5-class_04-01-2026_saved_model/yolo11n_640_5-class_04-01-2026_float16.tflite
3688375969406,1,0.432484,0.754939,-0.018675,0.751540,1,GPU,yolo11n_640_5-class_04-01-2026_saved_model/yolo11n_640_5-class_04-01-2026_float16.tflite
3688442636645,1,0.431239,0.805042,-0.018675,0.751540,2,GPU,yolo11n_640_5-class_04-01-2026_saved_model/yolo11n_640_5-class_04-01-2026_float16.tflite
3688575971020,1,0.459105,0.589181,0.085529,-0.333438,0,GPU,yolo11n_640_5-class_04-01-2026_saved_model/yolo11n_640_5-class_04-01-2026_float16.tflite
3688675971802,1,0.472493,0.569840,0.115399,-0.246940,0,GPU,yolo11n_640_5-class_04-01-2026_saved_model/yolo11n_640_5-class_04-01-2026_float16.tflite
3688775972635,1,0.488849,0.573728,0.144477,-0.074351,0,GPU,yolo11n_640_5-class_04-01-2026_saved_model/yolo11n_640_5-class_04-01-2026_float16.tflite
3688875973416,1,0.502942,0.582448,0.142350,0.022573,0,GPU,yolo11n_640_5-class_04-01-2026_saved_model/yolo11n_640_5-class_04-01-2026_float16.tflite
3688975974198,1,0.507183,0.584952,0.082448,0.024052,0,GPU,yolo11n_640_5-class_04-01-2026_saved_model/yolo11n_640_5-class_04-01-2026_float16.tflite
3689109308625,1,0.518176,0.588159,0.082448,0.024052,1,GPU,yolo11n_640_5-class_04-01-2026_saved_model/yolo11n_640_5-class_04-01-2026_float16.tflite
3689209309406,1,0.526421,0.590565,0.082448,0.024052,2,GPU,yolo11n_640_5-class_04-01-2026_saved_model/yolo11n_640_5-class_04-01-2026_float16.tflite
3689309310239,1,0.534666,0.592970,0.082448,0.024052,3,GPU,yolo11n_640_5-class_04-01-2026_saved_model/yolo11n_640_5-class_04-01-2026_float16.tflite
3689442644614,1,0.545659,0.596177,0.082448,0.024052,4,GPU,yolo11n_640_5-class_04-01-2026_saved_model/yolo11n_640_5-class_04-01-2026_float16.tflite
3689509311802,1,0.505913,0.526452,-0.018311,-0.134803,0,GPU,yolo11n_640_5-class_04-01-2026_saved_model/yolo11n_640_5-class_04-01-2026_float16.tflite
3689609312635,1,0.502960,0.492263,-0.026101,-0.278572,0,GPU,yolo11n_640_5-class_04-01-2026_saved_model/yolo11n_640_5-class_04-01-2026_float16.tflite
3689709313416,1,0.502847,0.459630,-0.010710,-0.308008,0,GPU,yolo11n_640_5-class_04-01-2026_saved_model/yolo11n_640_5-class_04-01-2026_float16.tflite
3689809314198,1,0.506195,0.422107,0.015878,-0.348454,0,GPU,yolo11n_640_5-class_04-01-2026_saved_model/yolo11n_640_5-class_04-01-2026_float16.tflite
3689909315031,1,0.523857,0.350163,0.112253,-0.570887,0,GPU,yolo11n_640_5-class_04-01-2026_saved_model/yolo11n_640_5-class_04-01-2026_float16.tflite
3690042649406,1,0.550068,0.272492,0.163639,-0.577981,0,GPU,yolo11n_640_5-class_04-01-2026_saved_model/yolo11n_640_5-class_04-01-2026_float16.tflite
3690142650239,1,0.566407,0.232525,0.163491,-0.471583,0,GPU,yolo11n_640_5-class_04-01-2026_saved_model/yolo11n_640_5-class_04-01-2026_float16.tflite
3690242651020,1,0.582756,0.185366,0.163491,-0.471583,1,GPU,yolo11n_640_5-class_04-01-2026_saved_model/yolo11n_640_5-class_04-01-2026_float16.tflite
3690342651802,1,0.596704,0.202967,0.152935,-0.186979,0,GPU,yolo11n_640_5-class_04-01-2026_saved_model/yolo11n_640_5-class_04-01-2026_float16.tflite
3690442652635,1,0.610406,0.203922,0.143199,-0.066753,0,GPU,yolo11n_640_5-class_04-01-2026_saved_model/yolo11n_640_5-class_04-01-2026_float16.tflite
3690542653416,1,0.621215,0.217327,0.122051,0.054195,0,GPU,yolo11n_640_5-class_04-01-2026_saved_model/yolo11n_640_5-class_04-01-2026_float16.tflite
3690642654198,1,0.631889,0.239767,0.112871,0.156269,0,GPU,yolo11n_640_5-class_04-01-2026_saved_model/yolo11n_640_5-class_04-01-2026_float16.tflite
3690742655031,1,0.642598,0.271653,0.109407,0.253714,0,GPU,yolo11n_640_5-class_04-01-2026_saved_model/yolo11n_640_5-class_04-01-2026_float16.tflite
3690875989406,1,0.657704,0.328638,0.111777,0.359537,0,GPU,yolo11n_640_5-class_04-01-2026_saved_model/yolo11n_640_5-class_04-01-2026_float16.tflite
3690975990239,1,0.666585,0.382191,0.098069,0.464548,0,GPU,yolo11n_640_5-class_04-01-2026_saved_model/yolo11n_640_5-class_04-01-2026_float16.tflite
3691075991020,1,0.676392,0.428647,0.098069,0.464548,1,GPU,yolo11n_640_5-class_04-01-2026_saved_model/yolo11n_640_5-class_04-01-2026_float16.tflite
3691175991802,1,0.677818,0.463253,0.061236,0.412475,0,GPU,yolo11n_640_5-class_04-01-2026_saved_model/yolo11n_640_5-class_04-01-2026_float16.tflite
3691275992635,1,0.683942,0.504501,0.061236,0.412475,1,GPU,yolo11n_640_5-class_04-01-2026_saved_model/yolo11n_640_5-class_04-01-2026_float16.tflite
3691375993416,1,0.690065,0.545749,0.061236,0.412475,2,GPU,yolo11n_640_5-class_04-01-2026_saved_model/yolo11n_640_5-class_04-01-2026_float16.tflite
3691509327843,1,0.698230,0.600746,0.061236,0.412475,3,GPU,yolo11n_640_5-class_04-01-2026_saved_model/yolo11n_640_5-class_04-01-2026_float16.tflite
3691609328625,1,0.704354,0.641994,0.061236,0.412475,4,GPU,yolo11n_640_5-class_04-01-2026_saved_model/yolo11n_640_5-class_04-01-2026_float16.tflite
3691709329406,1,0.710478,0.683242,0.061236,0.412475,5,GPU,yolo11n_640_5-class_04-01-2026_saved_model/yolo11n_640_5-class_04-01-2026_float16.tflite
3691809330239,1,0.716601,0.724489,0.061236,0.412475,6,GPU,yolo11n_640_5-class_04-01-2026_saved_model/yolo11n_640_5-class_04-01-2026_float16.tflite
3691942664614,1,0.724766,0.779487,0.061236,0.412475,7,GPU,yolo11n_640_5-class_04-01-2026_saved_model/yolo11n_640_5-class_04-01-2026_float16.tflite
3692042665395,1,0.730890,0.820734,0.061236,0.412475,8,GPU,yolo11n_640_5-class_04-01-2026_saved_model/yolo11n_640_5-class_04-01-2026_float16.tflite
3692142666229,1,0.683119,0.566478,-0.011442,0.013983,0,GPU,yolo11n_640_5-class_04-01-2026_saved_model/yolo11n_640_5-class_04-01-2026_float16.tflite
3692242667010,1,0.681974,0.567876,-0.011442,0.013983,1,GPU,yolo11n_640_5-class_04-01-2026_saved_model/yolo11n_640_5-class_04-01-2026_float16.tflite
3692342667843,1,0.671930,0.629510,-0.052836,0.294138,0,GPU,yolo11n_640_5-class_04-01-2026_saved_model/yolo11n_640_5-class_04-01-2026_float16.tflite
3692476002218,1,0.664885,0.668729,-0.052836,0.294138,1,GPU,yolo11n_640_5-class_04-01-2026_saved_model/yolo11n_640_5-class_04-01-2026_float16.tflite
3692576003000,1,0.659602,0.698143,-0.052836,0.294138,2,GPU,yolo11n_640_5-class_04-01-2026_saved_model/yolo11n_640_5-class_04-01-2026_float16.tflite
3692709337427,1,0.652557,0.737361,-0.052836,0.294138,3,GPU,yolo11n_640_5-class_04-01-2026_saved_model/yolo11n_640_5-class_04-01-2026_float16.tflite
3692776004614,1,0.649034,0.756971,-0.052836,0.294138,4,GPU,yolo11n_640_5-class_04-01-2026_saved_model/yolo11n_640_5-class_04-01-2026_float16.tflite
3692876005395,1,0.643751,0.786385,-0.052836,0.294138,5,GPU,yolo11n_640_5-class_04-01-2026_saved_model/yolo11n_640_5-class_04-01-2026_float16.tflite
3693009339823,1,0.636706,0.825604,-0.052836,0.294138,6,GPU,yolo11n_640_5-class_04-01-2026_saved_model/yolo11n_640_5-class_04-01-2026_float16.tflite
3693109340604,1,0.631422,0.855018,-0.052836,0.294138,7,GPU,yolo11n_640_5-class_04-01-2026_saved_model/yolo11n_640_5-class_04-01-2026_float16.tflite
3693209341437,1,0.626139,0.884432,-0.052836,0.294138,8,GPU,yolo11n_640_5-class_04-01-2026_saved_model/yolo11n_640_5-class_04-01-2026_float16.tflite
3693309342218,1,0.620855,0.913846,-0.052836,0.294138,9,GPU,yolo11n_640_5-class_04-01-2026_saved_model/yolo11n_640_5-class_04-01-2026_float16.tflite
3693409343000,0,0.000000,0.000000,0.000000,0.000000,0,GPU,yolo11n_640_5-class_04-01-2026_saved_model/yolo11n_640_5-class_04-01-2026_float16.tflite
3693542677427,0,0.000000,0.000000,0.000000,0.000000,0,GPU,yolo11n_640_5-class_04-01-2026_saved_model/yolo11n_640_5-class_04-01-2026_float16.tflite
3693642678208,0,0.000000,0.000000,0.000000,0.000000,0,GPU,yolo11n_640_5-class_04-01-2026_saved_model/yolo11n_640_5-class_04-01-2026_float16.tflite
3693709345395,0,0.000000,0.000000,0.000000,0.000000,0,GPU,yolo11n_640_5-class_04-01-2026_saved_model/yolo11n_640_5-class_04-01-2026_float16.tflite
3693842679823,1,0.391113,0.608398,0.000000,0.000000,0,GPU,yolo11n_640_5-class_04-01-2026_saved_model/yolo11n_640_5-class_04-01-2026_float16.tflite
3693942680604,1,0.391113,0.611328,0.000000,0.002661,0,GPU,yolo11n_640_5-class_04-01-2026_saved_model/yolo11n_640_5-class_04-01-2026_float16.tflite
3694042681437,1,0.395991,0.595232,0.048194,-0.159003,0,GPU,yolo11n_640_5-class_04-01-2026_saved_model/yolo11n_640_5-class_04-01-2026_float16.tflite
3694142682218,1,0.395656,0.541136,0.014395,-0.409464,0,GPU,yolo11n_640_5-class_04-01-2026_saved_model/yolo11n_640_5-class_04-01-2026_float16.tflite
3694242683000,1,0.390365,0.507091,-0.026458,-0.367577,0,GPU,yolo11n_640_5-class_04-01-2026_saved_model/yolo11n_640_5-class_04-01-2026_float16.tflite
3694376017427,1,0.386837,0.458080,-0.026458,-0.367577,1,GPU,yolo11n_640_5-class_04-01-2026_saved_model/yolo11n_640_5-class_04-01-2026_float16.tflite
3694476018208,1,0.411416,0.374377,0.075471,-0.543337,0,GPU,yolo11n_640_5-class_04-01-2026_saved_model/yolo11n_640_5-class_04-01-2026_float16.tflite
3694542685395,1,0.429036,0.318762,0.187974,-0.716641,0,GPU,yolo11n_640_5-class_04-01-2026_saved_model/yolo11n_640_5-class_04-01-2026_float16.tflite
3694676019823,1,0.454100,0.223209,0.187974,-0.716641,1,GPU,yolo11n_640_5-class_04-01-2026_saved_model/yolo11n_640_5-class_04-01-2026_float16.tflite
3694776020604,1,0.472898,0.151544,0.187974,-0.716641,2,GPU,yolo11n_640_5-class_04-01-2026_saved_model/yolo11n_640_5-class_04-01-2026_float16.tflite
3694876021437,1,0.491695,0.079880,0.187974,-0.716641,3,GPU,yolo11n_640_5-class_04-01-2026_saved_model/yolo11n_640_5-class_04-01-2026_float16.tflite
3694976022218,1,0.523901,0.121186,0.222863,-0.422675,0,GPU,yolo11n_640_5-class_04-01-2026_saved_model/yolo11n_640_5-class_04-01-2026_float16.tflite
3695076023000,1,0.546187,0.078918,0.222863,-0.422675,1,GPU,yolo11n_640_5-class_04-01-2026_saved_model/yolo11n_640_5-class_04-01-2026_float16.tflite
3695176023833,1,0.560128,0.113313,0.185145,-0.076185,0,GPU,yolo11n_640_5-class_04-01-2026_saved_model/yolo11n_640_5-class_04-01-2026_float16.tflite
3695309358208,1,0.582084,0.133564,0.172387,0.065924,0,GPU,yolo11n_640_5-class_04-01-2026_saved_model/yolo11n_640_5-class_04-01-2026_float16.tflite
3695376025395,1,0.593577,0.137959,0.172387,0.065924,1,GPU,yolo11n_640_5-class_04-01-2026_saved_model/yolo11n_640_5-class_04-01-2026_float16.tflite
3695476026229,1,0.610816,0.144551,0.172387,0.065924,2,GPU,yolo11n_640_5-class_04-01-2026_saved_model/yolo11n_640_5-class_04-01-2026_float16.tflite
3695609360604,1,0.633801,0.153341,0.172387,0.065924,3,GPU,yolo11n_640_5-class_04-01-2026_saved_model/yolo11n_640_5-class_04-01-2026_float16.tflite
3695742695031,1,0.646502,0.311759,0.146410,0.443875,0,GPU,yolo11n_640_5-class_04-01-2026_saved_model/yolo11n_640_5-class_04-01-2026_float16.tflite
3695842695812,1,0.660660,0.375820,0.143364,0.568060,0,GPU,yolo11n_640_5-class_04-01-2026_saved_model/yolo11n_640_5-class_04-01-2026_float16.tflite
3695909363000,1,0.667209,0.384659,0.117143,0.315084,0,GPU,yolo11n_640_5-class_04-01-2026_saved_model/yolo11n_640_5-class_04-01-2026_float16.tflite
3696042697427,1,0.671603,0.312746,0.065122,-0.212899,0,GPU,yolo11n_640_5-class_04-01-2026_saved_model/yolo11n_640_5-class_04-01-2026_float16.tflite
3696142698208,1,0.673031,0.266504,0.034769,-0.361840,0,GPU,yolo11n_640_5-class_04-01-2026_saved_model/yolo11n_640_5-class_04-01-2026_float16.tflite
3696209365395,1,0.675349,0.242382,0.034769,-0.361840,1,GPU,yolo11n_640_5-class_04-01-2026_saved_model/yolo11n_640_5-class_04-01-2026_float16.tflite
3696309366229,1,0.678712,0.213885,0.034179,-0.321782,0,GPU,yolo11n_640_5-class_04-01-2026_saved_model/yolo11n_640_5-class_04-01-2026_float16.tflite
3696442700604,1,0.683270,0.170980,0.034179,-0.321782,1,GPU,yolo11n_640_5-class_04-01-2026_saved_model/yolo11n_640_5-class_04-01-2026_float16.tflite
3696542701437,1,0.686688,0.138802,0.034179,-0.321782,2,GPU,yolo11n_640_5-class_04-01-2026_saved_model/yolo11n_640_5-class_04-01-2026_float16.tflite
3696609368625,1,0.688966,0.117350,0.034179,-0.321782,3,GPU,yolo11n_640_5-class_04-01-2026_saved_model/yolo11n_640_5-class_04-01-2026_float16.tflite
3696742703000,1,0.693524,0.074445,0.034179,-0.321782,4,GPU,yolo11n_640_5-class_04-01-2026_saved_model/yolo11n_640_5-class_04-01-2026_float16.tflite
3696809370239,1,0.695802,0.052993,0.034179,-0.321782,5,GPU,yolo11n_640_5-class_04-01-2026_saved_model/yolo11n_640_5-class_04-01-2026_float16.tflite
3696909371020,1,0.697267,0.275172,0.030108,0.208483,0,GPU,yolo11n_640_5-class_04-01-2026_saved_model/yolo11n_640_5-class_04-01-2026_float16.tflite
3696976038208,1,0.699275,0.289071,0.030108,0.208483,1,GPU,yolo11n_640_5-class_04-01-2026_saved_model/yolo11n_640_5-class_04-01-2026_float16.tflite
3697076039041,1,0.700216,0.370486,0.018828,0.538640,0,GPU,yolo11n_640_5-class_04-01-2026_saved_model/yolo11n_640_5-class_04-01-2026_float16.tflite
3697176039823,1,0.701675,0.446507,0.016260,0.672787,0,GPU,yolo11n_640_5-class_04-01-2026_saved_model/yolo11n_640_5-class_04-01-2026_float16.tflite
3697309374198,1,0.703843,0.536213,0.016260,0.672787,1,GPU,yolo11n_640_5-class_04-01-2026_saved_model/yolo11n_640_5-class_04-01-2026_float16.tflite
3697376041437,1,0.704927,0.581066,0.016260,0.672787,2,GPU,yolo11n_640_5-class_04-01-2026_saved_model/yolo11n_640_5-class_04-01-2026_float16.tflite
3697509375812,1,0.707095,0.670771,0.016260,0.672787,3,GPU,yolo11n_640_5-class_04-01-2026_saved_model/yolo11n_640_5-class_04-01-2026_float16.tflite
3697576043000,1,0.708179,0.715624,0.016260,0.672787,4,GPU,yolo11n_640_5-class_04-01-2026_saved_model/yolo11n_640_5-class_04-01-2026_float16.tflite
3697676043833,1,0.709805,0.782903,0.016260,0.672787,5,GPU,yolo11n_640_5-class_04-01-2026_saved_model/yolo11n_640_5-class_04-01-2026_float16.tflite
3697742711020,1,0.710889,0.827756,0.016260,0.672787,6,GPU,yolo11n_640_5-class_04-01-2026_saved_model/yolo11n_640_5-class_04-01-2026_float16.tflite
3697842711802,1,0.720698,0.514894,0.032094,-0.062789,0,GPU,yolo11n_640_5-class_04-01-2026_saved_model/yolo11n_640_5-class_04-01-2026_float16.tflite
3697942712635,1,0.724116,0.474956,0.033601,-0.305941,0,GPU,yolo11n_640_5-class_04-01-2026_saved_model/yolo11n_640_5-class_04-01-2026_float16.tflite
3698042713416,1,0.728483,0.448120,0.039850,-0.282616,0,GPU,yolo11n_640_5-class_04-01-2026_saved_model/yolo11n_640_5-class_04-01-2026_float16.tflite
3698142714198,1,0.731951,0.432665,0.036739,-0.205487,0,GPU,yolo11n_640_5-class_04-01-2026_saved_model/yolo11n_640_5-class_04-01-2026_float16.tflite
3698242715031,1,0.735833,0.430043,0.037983,-0.097989,0,GPU,yolo11n_640_5-class_04-01-2026_saved_model/yolo11n_640_5-class_04-01-2026_float16.tflite
3698342715812,1,0.739270,0.444000,0.035821,0.044386,0,GPU,yolo11n_640_5-class_04-01-2026_saved_model/yolo11n_640_5-class_04-01-2026_float16.tflite
3698442716593,1,0.742210,0.468777,0.031970,0.166267,0,GPU,yolo11n_640_5-class_04-01-2026_saved_model/yolo11n_640_5-class_04-01-2026_float16.tflite
3698542717427,1,0.746071,0.506589,0.035948,0.293225,0,GPU,yolo11n_640_5-class_04-01-2026_saved_model/yolo11n_640_5-class_04-01-2026_float16.tflite
3698642718208,1,0.749989,0.555473,0.037885,0.410453,0,GPU,yolo11n_640_5-class_04-01-2026_saved_model/yolo11n_640_5-class_04-01-2026_float16.tflite
3698742719041,1,0.756733,0.630651,0.055600,0.614997,0,GPU,yolo11n_640_5-class_04-01-2026_saved_model/yolo11n_640_5-class_04-01-2026_float16.tflite
3698842719823,1,0.762293,0.692151,0.055600,0.614997,1,GPU,yolo11n_640_5-class_04-01-2026_saved_model/yolo11n_640_5-class_04-01-2026_float16.tflite
3698942720604,1,0.767853,0.753652,0.055600,0.614997,2,GPU,yolo11n_640_5-class_04-01-2026_saved_model/yolo11n_640_5-class_04-01-2026_float16.tflite
3699042721437,1,0.765658,0.667621,0.028945,0.107939,0,GPU,yolo11n_640_5-class_04-01-2026_saved_model/yolo11n_640_5-class_04-01-2026_float16.tflite
3699142722218,1,0.767609,0.621006,0.022985,-0.254600,0,GPU,yolo11n_640_5-class_04-01-2026_saved_model/yolo11n_640_5-class_04-01-2026_float16.tflite
3699242723000,1,0.771433,0.584365,0.032228,-0.322366,0,GPU,yolo11n_640_5-class_04-01-2026_saved_model/yolo11n_640_5-class_04-01-2026_float16.tflite
3699342723833,1,0.781029,0.570648,0.070488,-0.211198,0,GPU,yolo11n_640_5-class_04-01-2026_saved_model/yolo11n_640_5-class_04-01-2026_float16.tflite
3699442724614,1,0.789501,0.579054,0.079018,-0.034222,0,GPU,yolo11n_640_5-class_04-01-2026_saved_model/yolo11n_640_5-class_04-01-2026_float16.tflite
3699542725395,1,0.794061,0.606356,0.058990,0.149902,0,GPU,yolo11n_640_5-class_04-01-2026_saved_model/yolo11n_640_5-class_04-01-2026_float16.tflite
